#{"t_start": 1734309533.215802, "env_id": "None"}
r,l,t
0.99,1,70.24309
0.98,2,70.244862
0.97,3,70.244862
0.96,4,70.244862
0.94,6,70.244862
0.99,1,70.244862
0.92,8,70.244862
0.88,12,70.261451
0.99,1,70.261451
0.9,10,70.261451
0.83,17,70.261451
0.8,20,70.261451
0.99,1,70.278059
0.76,24,70.278059
0.74,26,70.278059
0.96,4,70.278059
0.85,15,70.278059
0.99,1,70.278059
0.82,18,70.294691
0.98,2,70.294691
0.86,14,70.311353
0.8,20,70.311353
0.89,11,70.328036
0.98,2,70.328036
0.82,18,70.344802
0.49,51,70.344802
0.96,4,70.344802
0.4,60,70.36148
0.95,5,70.36148
0.96,4,70.36148
0.34,66,70.377135
0.95,5,70.378083
0.21,79,70.378083
0.87,13,70.378083
0.97,3,70.378083
0.24,76,70.411355
0.85,15,70.411355
0.0,101,70.411355
0.98,2,70.428107
0.7,30,70.431933
0.84,16,70.441931
0.59,41,70.454685
0.99,1,70.455685
0.97,3,70.462286
0.03,97,70.462286
0.0,101,70.478939
0.96,4,70.501097
0.63,37,70.502097
0.97,3,70.508097
0.0,101,70.528754
0.81,19,70.528754
0.0,101,70.528754
0.98,2,70.528754
0.99,1,70.528754
0.9,10,70.545525
0.0,101,70.545525
0.99,1,70.545525
0.84,16,70.572779
0.91,9,70.578923
0.99,1,70.578923
0.96,4,70.595528
0.0,101,70.595528
0.42,58,70.595528
0.0,101,70.612454
0.96,4,70.62898
0.0,101,70.62898
0.44,56,70.646238
0.0,101,70.649238
0.0,101,70.655236
0.57,43,70.679013
0.69,31,70.719743
0.98,2,70.721743
0.47,53,70.728962
0.0,101,70.754628
-0.01,101,70.754628
0.94,6,70.764597
0.94,6,70.774597
0.49,51,70.778053
0.0,101,70.778053
0.94,6,70.778053
0.0,101,70.794762
0.9,10,70.794762
0.9,10,70.813954
0.97,3,70.813954
0.99,1,70.814953
0.97,3,70.817953
0.0,101,70.825953
0.88,12,70.832248
0.97,3,70.842916
0.0,101,70.845029
0.98,2,70.846345
0.0,101,70.846345
0.97,3,70.846345
0.32,68,70.861027
0.94,6,70.864034
0.7,30,70.87379
0.95,5,70.874791
0.88,12,70.891645
0.0,101,70.96959
0.0,101,70.996009
0.3,70,71.021617
0.0,101,71.048716
0.98,2,71.051715
0.32,68,71.052716
0.79,21,71.061419
0.0,101,71.077984
0.94,6,71.07902
0.99,1,71.08002
0.99,1,71.081019
0.86,14,71.082019
0.98,2,71.082019
0.99,1,71.08302
0.51,49,71.091018
0.81,19,71.092015
0.0,101,71.109019
0.0,101,71.113349
0.48,52,71.121347
0.0,101,71.123347
0.82,18,71.133098
0.91,9,71.133098
0.93,7,71.139329
0.95,5,71.139329
0.98,2,71.14233
0.0,101,71.143328
0.73,27,71.154324
0.99,1,71.156324
0.84,16,71.175324
0.83,17,71.179886
0.94,6,71.188885
0.71,29,71.213711
0.97,3,71.221715
0.99,1,71.222714
0.59,41,71.233105
0.57,43,71.236105
0.89,11,71.25478
0.95,5,71.26838
0.59,41,71.29238
0.9,10,71.295709
0.17,83,71.304709
0.91,9,71.309709
0.0,101,71.326519
0.0,101,71.329059
0.96,4,71.337056
0.93,7,71.344055
0.83,17,71.345685
0.73,27,71.349685
0.93,7,71.357684
0.97,3,71.371521
0.0,101,71.374511
0.96,4,71.377511
0.89,11,71.382082
0.83,17,71.385082
0.0,101,71.394084
0.86,14,71.404716
0.93,7,71.411331
0.93,7,71.422375
0.76,24,71.424375
0.0,101,71.424375
0.8,20,71.424375
0.99,1,71.426375
0.91,9,71.454079
0.81,19,71.458079
0.81,19,71.481983
0.0,101,71.483986
0.0,101,71.485985
0.79,21,71.489741
0.95,5,71.499724
0.92,8,71.500727
0.93,7,71.516246
0.86,14,71.520244
0.99,1,71.524245
0.92,8,71.528005
0.0,101,71.535041
0.94,6,71.538043
0.92,8,71.549006
0.92,8,71.557006
0.63,37,71.557006
0.41,59,71.568388
0.0,101,71.571389
0.43,57,71.582978
0.85,15,71.582978
0.99,1,71.587977
0.86,14,71.589977
0.98,2,71.590978
0.0,101,71.606641
0.35,65,71.608641
0.92,8,71.613359
0.98,2,71.616357
0.86,14,71.617357
0.38,62,71.656642
0.99,1,71.658642
0.72,28,71.67664
0.99,1,71.677937
0.62,38,71.687007
0.94,6,71.690004
0.99,1,71.691007
0.83,17,71.696675
0.95,5,71.705678
0.99,1,71.706678
0.55,45,71.707678
0.0,100,71.709678
0.27,73,71.719376
0.36,64,71.729055
0.91,9,71.729055
0.99,1,71.730052
0.9,10,71.731052
0.99,1,71.731052
0.82,18,71.747107
0.77,23,71.764854
0.99,1,71.765853
0.0,101,71.772853
0.83,17,71.774853
0.99,1,71.774853
0.0,101,71.779434
0.98,2,71.781433
0.07,93,71.790433
0.91,9,71.791433
0.98,2,71.792433
0.99,1,71.795149
0.82,18,71.795149
0.98,2,71.795149
0.5,50,71.816261
0.97,3,71.816261
0.48,52,71.818261
0.94,6,71.825262
0.73,27,71.846358
0.12,88,71.855373
0.98,2,71.857357
0.97,3,71.864043
0.99,1,71.866043
0.99,1,71.867064
0.0,101,71.874042
0.39,61,71.881644
0.98,2,71.883642
0.75,25,71.892642
0.37,63,71.899799
0.0,101,71.9008
0.99,1,71.90244
0.9,10,71.911858
0.49,51,71.912893
0.73,27,71.930882
0.87,13,71.935881
0.81,19,71.94079
0.82,18,71.950492
0.99,1,71.951814
0.53,47,71.961373
0.78,22,71.981683
0.0,101,71.983683
0.98,2,71.983683
0.55,45,71.989466
0.98,2,71.990466
0.83,17,71.992478
0.96,4,71.99353
0.95,5,72.00364
0.0,101,72.019382
0.86,14,72.022382
0.0,101,72.024382
0.95,5,72.035009
0.85,15,72.035009
0.9,10,72.042009
0.73,27,72.048709
0.99,1,72.048709
0.68,32,72.057709
0.9,10,72.061329
0.99,1,72.067399
0.98,2,72.070368
0.86,14,72.071401
0.98,2,72.072398
0.02,98,72.077399
0.36,64,72.077399
0.41,59,72.078364
0.98,2,72.078364
0.81,19,72.088618
0.92,8,72.090032
0.89,11,72.108919
0.8,20,72.108919
0.96,4,72.11735
0.78,22,72.118348
0.98,2,72.119012
0.99,1,72.124034
0.96,4,72.126696
0.05,95,72.129006
0.98,2,72.134816
0.63,37,72.146448
0.98,2,72.157525
0.9,10,72.158524
0.34,66,72.158524
0.84,16,72.161263
0.97,3,72.163307
0.98,2,72.168342
0.94,6,72.17134
0.54,46,72.182982
0.36,64,72.188684
0.99,1,72.188684
0.9,10,72.188684
0.91,9,72.189682
0.56,44,72.20187
0.97,3,72.209276
0.2,80,72.213545
0.85,15,72.22045
0.83,17,72.223632
0.99,1,72.224668
0.66,34,72.232722
0.96,4,72.232722
0.88,12,72.242761
0.86,14,72.242761
0.71,29,72.245302
0.98,2,72.245302
0.55,45,72.251114
0.65,35,72.271094
0.88,12,72.271094
0.92,8,72.274098
0.0,101,72.292181
0.8,20,72.293642
0.75,25,72.30862
0.99,1,72.31062
0.9,10,72.31062
0.97,3,72.31362
0.66,34,72.321743
0.93,7,72.321743
0.74,26,72.321743
0.95,5,72.323741
0.99,1,72.327956
0.0,101,72.330228
0.99,1,72.330228
0.71,29,72.34864
0.92,8,72.358639
0.48,52,72.373432
0.2,80,72.380284
0.94,6,72.383383
0.99,1,72.384387
0.67,33,72.390178
0.97,3,72.391223
0.75,25,72.399268
0.78,22,72.400268
0.62,38,72.401268
0.28,72,72.409007
0.56,44,72.409007
0.88,12,72.411397
0.98,2,72.411397
0.98,2,72.418506
0.8,20,72.428576
0.8,20,72.439617
0.0,101,72.440616
0.99,1,72.440616
0.77,23,72.445675
0.98,2,72.446716
0.35,65,72.448774
0.73,27,72.448774
0.92,8,72.456776
0.74,26,72.457776
0.95,5,72.457776
0.99,1,72.459416
0.99,1,72.459416
0.91,9,72.459416
0.98,2,72.464952
0.95,5,72.478456
0.93,7,72.489096
0.62,38,72.490096
0.81,19,72.495273
0.77,23,72.495273
0.65,35,72.495273
0.82,18,72.496324
0.53,47,72.504025
0.99,1,72.506026
0.94,6,72.506026
0.68,32,72.507026
0.82,18,72.538754
0.76,24,72.548372
0.68,32,72.550372
0.72,28,72.555372
0.64,36,72.555372
0.94,6,72.560371
0.62,38,72.560371
0.86,14,72.56498
0.95,5,72.56498
0.0,101,72.56598
0.59,41,72.56798
0.41,59,72.56798
0.92,8,72.56798
0.99,1,72.56998
0.96,4,72.56998
0.98,2,72.57398
0.99,1,72.57498
0.97,3,72.57598
0.97,3,72.582514
0.95,5,72.582514
0.86,14,72.591509
0.82,18,72.600152
0.92,8,72.600152
0.82,18,72.602152
0.8,20,72.612
0.73,27,72.61904
0.91,9,72.62004
0.8,20,72.621039
0.85,15,72.627897
0.8,20,72.628996
0.99,1,72.629323
0.9,10,72.637316
0.85,15,72.637316
0.95,5,72.638316
0.98,2,72.643317
0.99,1,72.644317
0.98,2,72.644317
0.48,52,72.646269
0.85,15,72.647269
0.95,5,72.652267
0.95,5,72.652267
0.99,1,72.654268
0.99,1,72.655
0.58,42,72.656007
0.98,2,72.660006
0.94,6,72.660006
0.95,5,72.661841
0.99,1,72.661841
0.98,2,72.663872
0.95,5,72.664874
0.99,1,72.668872
0.03,97,72.668872
0.6,40,72.671872
0.96,4,72.673872
0.82,18,72.67852
0.96,4,72.67852
0.99,1,72.680557
0.96,4,72.690903
0.96,4,72.691903
0.92,8,72.692902
0.99,1,72.692902
0.96,4,72.703359
0.53,47,72.706357
0.76,24,72.710358
0.62,38,72.711898
0.91,9,72.711898
0.94,6,72.712901
0.82,18,72.723418
0.91,9,72.723418
0.94,6,72.723418
0.98,2,72.728679
0.99,1,72.729681
0.97,3,72.729681
0.99,1,72.730681
0.96,4,72.738106
0.84,16,72.739109
0.4,60,72.740107
0.83,17,72.741107
0.57,43,72.748894
0.93,7,72.751968
0.77,23,72.753019
0.55,45,72.759017
0.88,12,72.761866
0.81,19,72.770917
0.86,14,72.77288
0.84,16,72.77352
0.88,12,72.77352
0.89,11,72.779713
0.93,7,72.78873
0.33,67,72.790687
0.95,5,72.802473
0.86,14,72.803472
0.97,3,72.805471
0.76,24,72.813007
0.84,16,72.813007
0.74,26,72.813007
0.73,27,72.824097
0.86,14,72.833658
0.7,30,72.834657
0.84,16,72.845217
0.83,17,72.84626
0.74,26,72.855258
0.77,23,72.85726
0.49,51,72.85726
0.68,32,72.85726
0.99,1,72.861967
0.33,67,72.861967
0.92,8,72.861967
0.91,9,72.861967
0.97,3,72.861967
0.86,14,72.861967
0.96,4,72.861967
0.9,10,72.861967
0.98,2,72.861967
0.98,2,72.882926
0.99,1,72.883925
0.93,7,72.884925
0.69,31,72.886925
0.86,14,72.886925
0.97,3,72.891925
0.96,4,72.894927
0.79,21,72.902925
0.79,21,72.903926
0.96,4,72.903926
0.91,9,72.903926
0.98,2,72.905926
0.96,4,72.916691
0.96,4,72.916691
0.99,1,72.917692
0.97,3,72.919691
0.72,28,72.924691
0.65,35,72.928469
0.87,13,72.932476
0.5,50,72.934476
0.86,14,72.934476
0.94,6,72.944477
0.99,1,72.94511
0.99,1,72.950148
0.78,22,72.960149
0.73,27,72.962773
0.77,23,72.969771
0.91,9,72.976772
0.65,35,72.988397
0.98,2,72.993401
0.41,59,72.997099
0.85,15,73.002664
0.61,39,73.002664
0.66,34,73.006697
0.79,21,73.006697
0.91,9,73.01897
0.92,8,73.019969
0.95,5,73.019969
0.99,1,73.024969
0.88,12,73.028559
0.4,60,73.029567
0.81,19,73.033565
0.87,13,73.035565
0.08,92,73.037565
0.2,80,73.038565
0.96,4,73.043565
0.97,3,73.043565
0.88,12,73.051051
0.99,1,73.052051
0.83,17,73.054053
0.99,1,73.055051
0.92,8,73.056051
0.84,16,73.061674
0.47,53,73.062722
0.91,9,73.071718
0.93,7,73.072718
0.65,35,73.080415
0.62,38,73.087428
0.72,28,73.087428
0.8,20,73.088415
0.8,20,73.095009
0.85,15,73.097049
0.94,6,73.098048
0.89,11,73.098048
0.99,1,73.102049
0.67,33,73.106049
0.77,23,73.113715
0.52,48,73.113715
0.93,7,73.113715
0.94,6,73.120716
0.99,1,73.122716
0.8,20,73.123716
0.79,21,73.124682
0.93,7,73.125682
0.85,15,73.125682
0.91,9,73.137475
0.5,50,73.137475
0.95,5,73.137475
0.99,1,73.138475
0.73,27,73.149206
0.82,18,73.16284
0.86,14,73.16284
0.86,14,73.173839
0.76,24,73.174839
0.78,22,73.175838
0.72,28,73.186548
0.93,7,73.186548
0.53,47,73.192541
0.79,21,73.204207
0.53,47,73.207206
0.81,19,73.213899
0.86,14,73.2159
0.51,49,73.223899
0.94,6,73.223899
0.72,28,73.231839
0.78,22,73.231839
0.99,1,73.232841
0.86,14,73.232841
0.98,2,73.238841
0.98,2,73.238841
0.8,20,73.239839
0.86,14,73.240839
0.99,1,73.241839
0.99,1,73.247259
0.55,45,73.253259
0.99,1,73.253259
0.94,6,73.255258
0.9,10,73.255258
0.98,2,73.255258
0.99,1,73.256258
0.9,10,73.261793
0.83,17,73.261793
0.97,3,73.262878
0.9,10,73.262878
0.99,1,73.263873
0.96,4,73.266876
0.94,6,73.271876
0.56,44,73.274874
0.24,76,73.275876
0.99,1,73.280523
0.85,15,73.289524
0.88,12,73.290523
0.81,19,73.291523
0.87,13,73.300085
0.94,6,73.302085
0.77,23,73.304084
0.95,5,73.309086
0.88,12,73.310085
0.79,21,73.311085
0.98,2,73.311888
0.99,1,73.311888
0.99,1,73.313969
0.92,8,73.330523
0.98,2,73.332525
0.99,1,73.333524
0.57,43,73.338525
0.52,48,73.341528
0.97,3,73.341528
0.39,61,73.342521
0.77,23,73.348159
0.67,33,73.351158
0.78,22,73.357161
0.88,12,73.357161
0.91,9,73.358124
0.98,2,73.359122
0.97,3,73.363733
0.98,2,73.369734
0.87,13,73.370734
0.88,12,73.370734
0.92,8,73.371734
0.99,1,73.372734
0.84,16,73.379508
0.88,12,73.385507
0.9,10,73.386506
0.85,15,73.387506
0.99,1,73.388506
0.89,11,73.390507
0.92,8,73.395048
0.89,11,73.395048
0.51,49,73.395048
0.82,18,73.395048
0.97,3,73.395048
0.33,67,73.395048
0.91,9,73.395048
0.92,8,73.412246
0.91,9,73.413244
0.97,3,73.420244
0.71,29,73.420244
0.99,1,73.421245
0.93,7,73.423244
0.83,17,73.432245
0.98,2,73.437244
0.99,1,73.438245
0.78,22,73.439244
0.97,3,73.445174
0.71,29,73.449178
0.95,5,73.449178
0.84,16,73.450177
0.8,20,73.455176
0.96,4,73.458176
0.76,24,73.459177
0.57,43,73.459177
0.97,3,73.459177
0.99,1,73.463879
0.99,1,73.464879
0.66,34,73.464879
0.91,9,73.465879
0.97,3,73.471879
0.94,6,73.473879
0.88,12,73.485489
0.79,21,73.486489
0.93,7,73.490489
0.96,4,73.490489
0.97,3,73.490489
0.97,3,73.497203
0.81,19,73.499203
0.0,101,73.499203
0.82,18,73.501203
0.98,2,73.507203
0.85,15,73.507203
0.94,6,73.507203
0.87,13,73.518763
0.93,7,73.518763
0.9,10,73.524765
0.95,5,73.526766
0.26,74,73.528353
0.85,15,73.533396
0.97,3,73.536395
0.8,20,73.536395
0.9,10,73.542395
0.59,41,73.542395
0.99,1,73.543395
0.86,14,73.543395
0.99,1,73.545106
0.98,2,73.547185
0.88,12,73.560186
0.64,36,73.569852
0.77,23,73.569852
0.99,1,73.570853
0.9,10,73.583577
0.68,32,73.604316
0.7,30,73.605316
0.86,14,73.605316
0.95,5,73.613757
0.38,62,73.613757
0.93,7,73.618757
0.96,4,73.620757
0.97,3,73.621757
0.93,7,73.626758
0.98,2,73.626758
0.44,56,73.630367
0.96,4,73.634367
0.03,97,73.634367
0.98,2,73.635367
0.94,6,73.636367
0.47,53,73.637367
0.96,4,73.638367
0.95,5,73.645109
0.81,19,73.652151
0.86,14,73.654152
0.97,3,73.661233
0.83,17,73.661754
0.44,56,73.668755
0.96,4,73.668755
0.8,20,73.678441
0.71,29,73.68449
0.65,35,73.701534
0.87,13,73.70653
0.96,4,73.708529
0.67,33,73.713886
0.98,2,73.716886
0.94,6,73.716886
0.98,2,73.718886
0.34,66,73.718886
0.0,101,73.718886
0.16,84,73.723886
0.96,4,73.724886
0.98,2,73.724886
0.9,10,73.726886
0.66,34,73.732438
0.89,11,73.740439
0.87,13,73.742439
0.97,3,73.744441
0.85,15,73.750013
0.94,6,73.754013
0.81,19,73.758013
0.85,15,73.758013
0.47,53,73.759013
0.99,1,73.759013
0.99,1,73.760014
0.88,12,73.768695
0.95,5,73.769695
0.93,7,73.769695
0.99,1,73.770695
0.67,33,73.785351
0.85,15,73.785351
0.91,9,73.785351
0.43,57,73.78735
0.95,5,73.796019
0.69,31,73.796019
0.98,2,73.801018
0.99,1,73.803017
0.98,2,73.805018
0.74,26,73.819703
0.89,11,73.819703
0.14,86,73.826701
0.91,9,73.826701
0.99,1,73.828634
0.97,3,73.836689
0.74,26,73.838689
0.72,28,73.84069
0.86,14,73.850017
0.85,15,73.851018
0.91,9,73.856018
0.31,69,73.856018
0.99,1,73.857018
0.96,4,73.860018
0.99,1,73.864896
0.82,18,73.864896
0.98,2,73.866894
0.89,11,73.873894
0.88,12,73.876894
0.99,1,73.878443
0.71,29,73.89461
0.82,18,73.903059
0.66,34,73.911059
0.15,85,73.911744
0.87,13,73.911744
0.25,75,73.932929
0.7,30,73.935926
0.83,17,73.939926
0.86,14,73.948927
0.85,15,73.958926
0.0,101,73.961745
0.84,16,73.967793
0.47,53,73.967793
0.29,71,73.970793
0.96,4,73.971794
0.81,19,73.971794
0.99,1,73.975793
0.96,4,73.978327
0.64,36,73.980371
0.99,1,73.980371
0.85,15,73.988371
0.77,23,73.998035
0.8,20,74.003035
0.95,5,74.011864
0.16,84,74.016911
0.94,6,74.022911
0.72,28,74.031568
0.71,29,74.041567
0.88,12,74.042568
0.91,9,74.053081
0.97,3,74.053081
0.54,46,74.061967
0.97,3,74.065013
0.35,65,74.070013
0.97,3,74.072015
0.89,11,74.072015
0.99,1,74.072015
0.98,2,74.074015
0.96,4,74.079954
0.48,52,74.079954
0.97,3,74.082954
0.97,3,74.089954
0.05,95,74.092954
0.59,41,74.097027
0.86,14,74.101027
0.95,5,74.109027
0.26,74,74.109027
0.76,24,74.115689
0.99,1,74.116688
0.96,4,74.116688
0.58,42,74.123688
0.95,5,74.124688
0.99,1,74.125689
0.88,12,74.13134
0.76,24,74.13334
0.98,2,74.13834
0.82,18,74.15499
0.95,5,74.167716
0.78,22,74.168716
0.59,41,74.169715
0.78,22,74.179541
0.0,101,74.18554
0.61,39,74.188539
0.88,12,74.189541
0.89,11,74.198111
0.99,1,74.199111
0.26,74,74.204111
0.91,9,74.205111
0.58,42,74.207111
0.72,28,74.215715
0.0,101,74.225715
0.92,8,74.231476
0.96,4,74.233476
0.96,4,74.241476
0.93,7,74.242476
0.76,24,74.2485
0.99,1,74.249501
0.96,4,74.250501
0.76,24,74.250501
0.88,12,74.261664
0.0,101,74.267701
0.85,15,74.280388
0.89,11,74.288387
0.91,9,74.297257
0.94,6,74.299257
0.49,51,74.299257
0.96,4,74.307256
0.89,11,74.317797
0.96,4,74.325797
0.84,16,74.325797
0.91,9,74.34462
0.52,48,74.34462
0.77,23,74.348115
0.21,79,74.348115
0.96,4,74.358113
0.0,101,74.358113
0.98,2,74.361272
0.91,9,74.361272
0.93,7,74.375704
0.0,101,74.375704
0.99,1,74.376705
0.0,101,74.384518
0.96,4,74.390517
0.95,5,74.395154
0.83,17,74.40023
0.96,4,74.402232
0.73,27,74.411626
0.27,73,74.415701
0.16,84,74.416704
0.87,13,74.419701
0.75,25,74.433414
0.54,46,74.43842
0.95,5,74.445003
0.6,40,74.445003
0.78,22,74.465261
0.68,32,74.476258
0.66,34,74.477261
0.91,9,74.496057
0.43,57,74.511292
0.0,101,74.523123
0.0,101,74.540886
0.54,46,74.54992
0.45,55,74.55892
0.51,49,74.567922
0.88,12,74.568922
0.15,85,74.568922
0.64,36,74.574923
0.93,7,74.581995
0.51,49,74.582994
0.9,10,74.585995
0.71,29,74.590997
0.9,10,74.591995
0.94,6,74.591995
0.94,6,74.592991
0.96,4,74.593994
0.11,89,74.598104
0.98,2,74.598104
0.96,4,74.604103
0.98,2,74.604103
0.93,7,74.613914
0.92,8,74.614914
0.99,1,74.616927
0.95,5,74.626911
0.81,19,74.628335
0.99,1,74.633409
0.66,34,74.637407
0.97,3,74.637407
0.58,42,74.639404
0.0,101,74.645009
0.97,3,74.646063
0.99,1,74.647061
0.96,4,74.647061
0.32,68,74.654061
0.94,6,74.657061
0.99,1,74.658061
0.87,13,74.665659
0.99,1,74.666659
0.91,9,74.67466
0.99,1,74.675659
0.59,41,74.682472
0.98,2,74.682472
0.77,23,74.684472
0.63,37,74.685472
0.76,24,74.692471
0.96,4,74.692471
0.99,1,74.693471
0.99,1,74.693471
0.97,3,74.700102
0.45,55,74.701102
0.98,2,74.702102
0.88,12,74.709101
0.86,14,74.709101
0.99,1,74.713818
0.95,5,74.715815
0.7,30,74.725848
0.84,16,74.732426
0.89,11,74.732426
0.78,22,74.734425
0.95,5,74.740411
0.26,74,74.742411
0.91,9,74.74806
0.46,54,74.750058
0.89,11,74.755059
0.93,7,74.758059
0.79,21,74.763784
0.71,29,74.76578
0.94,6,74.76578
0.87,13,74.76678
0.67,33,74.76878
0.97,3,74.76978
0.98,2,74.76978
0.23,77,74.775779
0.99,1,74.778004
0.86,14,74.780621
0.9,10,74.787621
0.9,10,74.788621
0.87,13,74.801229
0.99,1,74.802231
0.99,1,74.804229
0.86,14,74.809193
0.96,4,74.814768
0.84,16,74.814768
0.99,1,74.821767
0.62,38,74.821767
0.83,17,74.824768
0.76,24,74.830651
0.97,3,74.838651
0.23,77,74.842909
0.95,5,74.84591
0.9,10,74.84591
0.94,6,74.84591
0.94,6,74.866253
0.82,18,74.867253
0.96,4,74.869252
0.81,19,74.870252
0.81,19,74.870252
0.97,3,74.878255
0.57,43,74.879548
0.92,8,74.879548
0.83,17,74.896632
0.99,1,74.896632
0.98,2,74.899632
0.61,39,74.901632
0.95,5,74.902632
0.95,5,74.908632
0.96,4,74.913632
0.95,5,74.913632
0.99,1,74.919632
0.98,2,74.922632
0.76,24,74.924632
0.75,25,74.925632
0.97,3,74.931679
0.87,13,74.932681
0.89,11,74.947835
0.23,77,74.954831
0.89,11,74.954831
0.85,15,74.964802
0.99,1,74.965803
0.98,2,74.968378
0.9,10,74.975377
0.06,94,74.977914
0.78,22,74.979485
0.98,2,74.984483
0.99,1,74.985482
0.92,8,74.993483
0.88,12,74.996255
0.9,10,75.011776
0.23,77,75.020822
0.89,11,75.029383
0.9,10,75.049145
0.67,33,75.049145
0.99,1,75.050145
0.45,55,75.050145
0.22,78,75.054145
0.97,3,75.056144
0.96,4,75.058145
0.45,55,75.07075
0.0,101,75.07075
0.5,50,75.078623
0.9,10,75.078623
0.87,13,75.095024
0.88,12,75.098061
0.87,13,75.099061
0.96,4,75.106061
0.95,5,75.106061
0.0,101,75.112809
0.9,10,75.113806
0.97,3,75.113806
0.99,1,75.114807
0.96,4,75.114807
0.75,25,75.116807
0.99,1,75.116807
0.91,9,75.125807
0.0,101,75.140429
0.84,16,75.144429
0.88,12,75.166723
0.99,1,75.167722
0.76,24,75.168722
0.98,2,75.174723
0.78,22,75.182444
0.91,9,75.192444
0.15,85,75.210202
0.0,101,75.210202
0.98,2,75.215678
0.45,55,75.217676
0.99,1,75.217676
0.95,5,75.219678
0.98,2,75.219678
0.97,3,75.225677
0.95,5,75.225677
0.99,1,75.227677
0.96,4,75.235372
0.0,101,75.242371
0.0,101,75.246153
0.24,76,75.253152
0.6,40,75.254151
0.88,12,75.269169
0.99,1,75.27017
0.71,29,75.272169
0.15,85,75.272169
0.99,1,75.27317
0.41,59,75.278524
0.81,19,75.288531
0.89,11,75.29053
0.58,42,75.303159
0.93,7,75.309158
0.37,63,75.310158
0.58,42,75.312865
0.61,39,75.317865
0.95,5,75.318827
0.98,2,75.318827
0.9,10,75.321863
0.96,4,75.321863
0.99,1,75.326826
0.82,18,75.326826
0.95,5,75.32845
0.73,27,75.330527
0.97,3,75.330527
0.92,8,75.331531
0.97,3,75.338531
0.94,6,75.338531
0.63,37,75.34053
0.64,36,75.345002
0.99,1,75.346557
0.94,6,75.348556
0.89,11,75.349556
0.82,18,75.356556
0.9,10,75.356556
0.97,3,75.362819
0.71,29,75.363818
0.9,10,75.366819
0.92,8,75.371819
0.95,5,75.37282
0.99,1,75.373819
0.83,17,75.37482
0.75,25,75.37482
0.98,2,75.375819
0.97,3,75.37851
0.97,3,75.37851
0.94,6,75.396142
0.88,12,75.396142
0.9,10,75.416231
0.55,45,75.424256
0.99,1,75.425261
0.64,36,75.429258
0.72,28,75.43626
0.83,17,75.444969
0.87,13,75.447054
0.9,10,75.453053
0.0,101,75.454057
0.62,38,75.471499
0.77,23,75.471499
0.35,65,75.4735
0.99,1,75.478418
0.56,44,75.479469
0.83,17,75.482467
0.75,25,75.490467
0.95,5,75.491467
0.52,48,75.497158
0.97,3,75.498157
0.98,2,75.500156
0.91,9,75.510156
0.67,33,75.515764
0.98,2,75.515764
0.75,25,75.517762
0.98,2,75.518763
0.76,24,75.519763
0.98,2,75.519763
0.99,1,75.519763
0.96,4,75.524763
0.85,15,75.531455
0.89,11,75.546157
0.99,1,75.547156
0.61,39,75.547156
0.98,2,75.549156
0.94,6,75.556156
0.81,19,75.558156
0.97,3,75.562739
0.0,100,75.562739
0.78,22,75.563738
0.88,12,75.570738
0.77,23,75.571737
0.99,1,75.571737
0.54,46,75.579323
0.67,33,75.579323
0.85,15,75.579323
0.96,4,75.596571
0.86,14,75.612572
0.99,1,75.613575
0.88,12,75.63135
0.0,101,75.63535
0.7,30,75.63535
0.59,41,75.63535
0.99,1,75.637352
0.75,25,75.640351
0.94,6,75.649172
0.93,7,75.65117
0.96,4,75.65417
0.94,6,75.666808
0.85,15,75.667808
0.0,101,75.668808
0.94,6,75.678323
0.79,21,75.685312
0.78,22,75.690375
0.32,68,75.700472
0.79,21,75.70747
0.86,14,75.718981
0.89,11,75.725981
0.83,17,75.73337
0.68,32,75.740403
0.92,8,75.740403
0.95,5,75.742404
0.98,2,75.744404
0.0,101,75.755097
0.0,101,75.756098
0.04,96,75.756098
0.99,1,75.758097
0.88,12,75.764948
0.94,6,75.766949
0.96,4,75.771948
0.83,17,75.772948
0.89,11,75.772948
0.98,2,75.776149
0.51,49,75.776149
0.2,80,75.779806
0.9,10,75.779806
0.75,25,75.794544
0.91,9,75.795557
0.99,1,75.795557
0.98,2,75.800555
0.92,8,75.811554
0.8,20,75.812555
0.98,2,75.817555
0.65,35,75.819555
0.83,17,75.819555
0.99,1,75.820555
0.44,56,75.821555
0.16,84,75.825555
0.95,5,75.825555
0.8,20,75.829383
0.95,5,75.829383
0.98,2,75.834383
0.93,7,75.836383
0.92,8,75.836383
0.92,8,75.837383
0.88,12,75.838383
0.98,2,75.838383
0.98,2,75.844672
0.96,4,75.853168
0.92,8,75.85417
0.99,1,75.85517
0.84,16,75.858168
0.99,1,75.867764
0.5,50,75.868764
0.99,1,75.869764
0.42,58,75.878511
0.93,7,75.880569
0.76,24,75.880569
0.52,48,75.885855
0.95,5,75.886855
0.84,16,75.894582
0.7,30,75.895142
0.94,6,75.895142
0.9,10,75.897152
0.91,9,75.903152
0.85,15,75.906152
0.72,28,75.911237
0.93,7,75.911687
0.97,3,75.913733
0.9,10,75.913733
0.86,14,75.921158
0.58,42,75.921158
0.94,6,75.924155
0.98,2,75.924155
0.92,8,75.924155
0.85,15,75.929096
0.35,65,75.929096
0.94,6,75.929096
0.93,7,75.929096
0.75,25,75.929096
0.97,3,75.929096
0.8,20,75.95854
0.87,13,75.959539
0.99,1,75.959539
0.86,14,75.96154
0.88,12,75.96154
0.71,29,75.96754
0.96,4,75.96854
0.66,34,75.981457
0.92,8,75.981457
0.71,29,75.983458
0.91,9,75.985456
0.96,4,75.989456
0.99,1,75.989456
0.91,9,75.989456
0.95,5,75.990457
0.75,25,75.993456
0.84,16,75.994565
0.96,4,75.999181
0.95,5,75.999181
0.99,1,76.000181
0.94,6,76.007827
0.76,24,76.007827
0.17,83,76.009858
0.88,12,76.015977
0.83,17,76.016977
0.97,3,76.018976
0.94,6,76.018976
0.49,51,76.024977
0.99,1,76.025976
0.79,21,76.026976
0.94,6,76.031382
0.98,2,76.031382
0.98,2,76.033382
0.74,26,76.041382
0.9,10,76.043382
0.99,1,76.047992
0.96,4,76.048992
0.99,1,76.0508
0.98,2,76.0508
0.71,29,76.058834
0.81,19,76.062271
0.95,5,76.062271
0.72,28,76.062271
0.79,21,76.062271
0.96,4,76.062271
0.88,12,76.062271
0.81,19,76.091894
0.43,57,76.092894
0.89,11,76.103894
0.97,3,76.106894
0.78,22,76.113834
0.81,19,76.115031
0.99,1,76.116067
0.92,8,76.125065
0.79,21,76.132529
0.87,13,76.138532
0.97,3,76.138532
0.98,2,76.14153
0.69,31,76.149207
0.74,26,76.151215
0.79,21,76.163713
0.94,6,76.163713
0.0,101,76.166712
0.82,18,76.167711
0.47,53,76.172712
0.86,14,76.173713
0.92,8,76.18138
0.0,101,76.191388
0.82,18,76.192379
0.35,65,76.194502
0.87,13,76.194556
0.81,19,76.194556
0.99,1,76.199016
0.88,12,76.202017
0.0,101,76.202017
0.8,20,76.208017
0.93,7,76.209017
0.92,8,76.223837
0.85,15,76.224838
0.89,11,76.231426
0.8,20,76.231426
0.66,34,76.23242
0.92,8,76.23842
0.89,11,76.244985
0.75,25,76.248023
0.89,11,76.248023
0.88,12,76.249024
0.71,29,76.255023
0.84,16,76.270833
0.85,15,76.272833
0.86,14,76.272833
0.53,47,76.278412
0.99,1,76.279453
0.67,33,76.287452
0.91,9,76.295085
0.99,1,76.296088
0.7,30,76.298085
0.34,66,76.312924
0.85,15,76.312924
0.91,9,76.318471
0.99,1,76.318471
0.98,2,76.320474
0.0,101,76.320474
0.72,28,76.321472
0.73,27,76.326471
0.96,4,76.326471
0.98,2,76.327471
0.98,2,76.327471
0.85,15,76.327471
0.95,5,76.329199
0.97,3,76.329199
0.94,6,76.329199
0.97,3,76.329199
0.93,7,76.345623
0.98,2,76.347622
0.48,52,76.348623
0.86,14,76.356627
0.96,4,76.356627
0.98,2,76.362623
0.5,50,76.365622
0.97,3,76.371622
0.89,11,76.374624
0.64,36,76.382463
0.74,26,76.388462
0.63,37,76.390428
0.86,14,76.397866
0.93,7,76.400895
0.93,7,76.411259
0.85,15,76.412859
0.0,101,76.419825
0.89,11,76.421824
0.98,2,76.422824
0.74,26,76.426825
0.55,45,76.435356
0.99,1,76.436358
0.41,59,76.441326
0.75,25,76.444603
0.89,11,76.447127
0.97,3,76.452127
0.93,7,76.454128
0.97,3,76.45513
0.87,13,76.456127
0.92,8,76.464802
0.99,1,76.465802
0.94,6,76.465802
0.99,1,76.470802
0.98,2,76.472802
0.85,15,76.481378
0.99,1,76.482378
0.71,29,76.491378
0.93,7,76.496131
0.6,40,76.500129
0.8,20,76.500129
0.94,6,76.50488
0.7,30,76.505879
0.97,3,76.507879
0.97,3,76.508881
0.46,54,76.512235
0.0,101,76.512235
0.99,1,76.512235
0.99,1,76.512235
0.93,7,76.527874
0.71,29,76.528916
0.9,10,76.529916
0.96,4,76.529916
0.98,2,76.531915
0.92,8,76.536917
0.97,3,76.538915
0.31,69,76.551879
0.0,101,76.558878
0.86,14,76.558878
0.99,1,76.561202
0.69,31,76.567893
0.97,3,76.567893
0.85,15,76.569893
0.83,17,76.569893
0.98,2,76.571893
0.95,5,76.575893
0.98,2,76.577895
0.75,25,76.577895
0.56,44,76.580365
0.85,15,76.586382
0.94,6,76.587365
0.98,2,76.588365
0.99,1,76.589365
0.92,8,76.589365
0.62,38,76.598123
0.88,12,76.598123
0.99,1,76.599123
0.88,12,76.612334
0.94,6,76.612431
0.73,27,76.614918
0.96,4,76.616917
0.87,13,76.622916
0.55,45,76.62922
0.76,24,76.62922
0.99,1,76.62922
0.9,10,76.62922
0.67,33,76.62922
0.71,29,76.62922
0.92,8,76.649545
0.9,10,76.650545
0.77,23,76.651545
0.77,23,76.657545
0.88,12,76.666546
0.97,3,76.672582
0.99,1,76.673584
0.11,89,76.67946
0.98,2,76.67946
0.79,21,76.682458
0.99,1,76.68346
0.79,21,76.691462
0.96,4,76.700171
0.83,17,76.707136
0.93,7,76.713704
0.95,5,76.715703
0.99,1,76.716702
0.62,38,76.717924
0.55,45,76.724349
0.93,7,76.725349
0.87,13,76.729039
0.28,72,76.752532
0.0,101,76.754532
0.57,43,76.755532
0.99,1,76.756534
0.78,22,76.762532
0.99,1,76.763532
0.94,6,76.765532
0.74,26,76.776533
0.32,68,76.787455
0.9,10,76.788455
0.33,67,76.789455
0.98,2,76.791456
0.81,19,76.79815
0.92,8,76.799151
0.74,26,76.80015
0.93,7,76.80015
0.89,11,76.80015
0.94,6,76.80515
0.98,2,76.80515
0.57,43,76.81377
0.92,8,76.81477
0.96,4,76.817769
0.96,4,76.822769
0.71,29,76.823769
0.99,1,76.824769
0.87,13,76.826174
0.82,18,76.830946
0.23,77,76.831946
0.91,9,76.833946
0.93,7,76.842946
0.91,9,76.851449
0.86,14,76.851449
0.47,53,76.859447
0.8,20,76.859447
0.65,35,76.862418
0.9,10,76.862418
0.6,40,76.862418
0.97,3,76.862418
0.99,1,76.862418
0.97,3,76.862418
0.9,10,76.877884
0.96,4,76.880926
0.96,4,76.885926
0.98,2,76.885926
0.5,50,76.887926
0.64,36,76.899892
0.7,30,76.909892
0.77,23,76.918849
0.83,17,76.920849
0.98,2,76.920849
0.88,12,76.920849
0.99,1,76.921849
0.99,1,76.921849
0.84,16,76.921849
0.99,1,76.921849
0.99,1,76.926848
0.78,22,76.929612
0.96,4,76.929612
0.99,1,76.930612
0.67,33,76.937611
0.83,17,76.939611
0.95,5,76.939611
0.34,66,76.94508
0.97,3,76.946139
0.99,1,76.946139
0.87,13,76.947139
0.88,12,76.952139
0.96,4,76.953139
0.49,51,76.955138
0.96,4,76.963023
0.33,67,76.970074
0.71,29,76.973074
0.84,16,76.974074
0.96,4,76.979062
0.94,6,76.979062
0.8,20,76.979062
0.73,27,76.979062
0.8,20,76.979062
0.99,1,76.979062
0.95,5,76.979062
0.85,15,77.013504
0.98,2,77.019503
0.42,58,77.029497
0.53,47,77.031496
0.98,2,77.031496
0.96,4,77.038496
0.99,1,77.039495
0.85,15,77.043495
0.74,26,77.043495
0.99,1,77.044537
0.92,8,77.054462
0.48,52,77.055462
0.85,15,77.055462
0.98,2,77.059462
0.99,1,77.059462
0.59,41,77.061741
0.52,48,77.071886
0.8,20,77.072513
0.89,11,77.078285
0.97,3,77.078898
0.88,12,77.078898
0.92,8,77.078898
0.14,86,77.078898
0.4,60,77.098557
0.88,12,77.100557
0.93,7,77.108557
0.56,44,77.123557
0.94,6,77.123557
0.64,36,77.132421
0.67,33,77.143169
0.95,5,77.143169
0.97,3,77.150106
0.98,2,77.153107
0.76,24,77.153107
0.98,2,77.159107
0.0,101,77.161252
0.97,3,77.163882
0.96,4,77.170882
0.99,1,77.171882
0.9,10,77.174884
0.94,6,77.175882
0.58,42,77.175882
0.69,31,77.190544
0.82,18,77.204098
0.99,1,77.210106
0.93,7,77.222691
0.45,55,77.242497
0.91,9,77.248096
0.73,27,77.250094
0.92,8,77.265941
0.0,101,77.265941
0.58,42,77.265941
0.89,11,77.26694
0.54,46,77.268941
0.0,101,77.283425
0.89,11,77.283425
0.98,2,77.286429
0.99,1,77.290426
0.86,14,77.290426
0.74,26,77.291425
0.83,17,77.294519
0.0,101,77.294876
0.99,1,77.298948
0.93,7,77.300945
0.95,5,77.306945
0.31,69,77.310947
0.9,10,77.31188
0.83,17,77.319925
0.82,18,77.319925
0.76,24,77.325924
0.95,5,77.32845
0.99,1,77.329458
0.85,15,77.334456
0.88,12,77.334456
0.99,1,77.335457
0.97,3,77.339456
0.0,101,77.339456
0.88,12,77.344555
0.99,1,77.344555
0.93,7,77.347111
0.92,8,77.362602
0.93,7,77.362602
0.85,15,77.362602
0.99,1,77.362602
0.69,31,77.381875
0.82,18,77.384875
0.91,9,77.385875
0.98,2,77.389875
0.83,17,77.393875
0.81,19,77.401875
0.92,8,77.401875
0.98,2,77.407876
0.84,16,77.408875
0.96,4,77.409875
0.24,76,77.409875
0.98,2,77.412423
0.85,15,77.412423
0.97,3,77.41746
0.91,9,77.42886
0.55,45,77.42886
0.14,86,77.42886
0.89,11,77.42886
0.99,1,77.42886
0.99,1,77.42886
0.82,18,77.42886
0.93,7,77.450553
0.89,11,77.453553
0.84,16,77.475554
0.68,32,77.480125
0.96,4,77.480125
0.95,5,77.495494
0.55,45,77.50649
0.72,28,77.50649
0.99,1,77.50849
0.0,101,77.50949
0.98,2,77.511493
0.98,2,77.517489
0.99,1,77.518489
0.4,60,77.520489
0.04,96,77.52749
0.82,18,77.529416
0.89,11,77.529416
0.93,7,77.547228
0.71,29,77.548228
0.83,17,77.550228
0.85,15,77.550228
0.54,46,77.555228
0.99,1,77.556229
0.96,4,77.558228
0.93,7,77.558228
0.97,3,77.560229
0.85,15,77.560229
0.7,30,77.566701
0.98,2,77.569701
0.95,5,77.569701
0.76,24,77.582066
0.89,11,77.587117
0.82,18,77.593116
0.88,12,77.594581
0.91,9,77.595777
0.99,1,77.595777
0.91,9,77.595777
0.96,4,77.595777
0.85,15,77.595777
0.94,6,77.595777
0.88,12,77.620164
0.85,15,77.625165
0.99,1,77.626165
0.85,15,77.628166
0.79,21,77.628166
0.99,1,77.629165
0.94,6,77.636165
0.98,2,77.638164
0.94,6,77.638164
0.94,6,77.639164
0.97,3,77.647386
0.95,5,77.648388
0.94,6,77.650387
0.97,3,77.656387
0.0,101,77.658387
0.0,101,77.669697
0.46,54,77.669697
0.68,32,77.675697
0.95,5,77.687008
0.78,22,77.690006
0.54,46,77.692006
0.55,45,77.692006
0.88,12,77.695862
0.96,4,77.695862
0.75,25,77.712962
0.94,6,77.712962
0.97,3,77.712962
0.89,11,77.712962
0.96,4,77.712962
0.69,31,77.712962
0.91,9,77.727826
0.94,6,77.732832
0.95,5,77.736832
0.58,42,77.741833
0.89,11,77.744833
0.71,29,77.745833
0.83,17,77.751832
0.94,6,77.751832
0.87,13,77.753832
0.95,5,77.754833
0.83,17,77.768697
0.45,55,77.797028
0.71,29,77.802027
0.99,1,77.802027
0.68,32,77.814731
0.71,29,77.82373
0.93,7,77.82573
0.0,101,77.827857
0.95,5,77.83442
0.89,11,77.84142
0.97,3,77.845441
0.76,24,77.845441
0.43,57,77.849447
0.0,101,77.861557
0.88,12,77.868602
0.79,21,77.883397
0.78,22,77.884398
0.47,53,77.895405
0.0,101,77.895405
0.13,87,77.90342
0.76,24,77.90342
0.97,3,77.910411
0.89,11,77.913669
0.94,6,77.913669
0.98,2,77.918669
0.99,1,77.920669
0.74,26,77.9347
0.0,101,77.942697
0.78,22,77.942697
0.65,35,77.945543
0.82,18,77.945543
0.98,2,77.945543
0.99,1,77.964136
0.86,14,77.965135
0.98,2,77.967135
0.87,13,77.975134
0.81,19,77.976135
0.64,36,77.982135
0.96,4,77.983135
0.99,1,77.984135
0.95,5,77.992135
0.81,19,77.992135
0.89,11,77.992135
0.92,8,77.997188
0.99,1,77.997188
0.98,2,77.998188
0.11,89,77.998188
-0.01,101,78.013616
0.98,2,78.015673
0.88,12,78.015673
0.18,82,78.017671
0.96,4,78.023671
0.81,19,78.025672
0.79,21,78.032505
0.96,4,78.039506
0.83,17,78.042506
0.86,14,78.052087
0.91,9,78.062693
0.44,56,78.063691
0.99,1,78.063691
0.85,15,78.069691
0.98,2,78.069691
0.58,42,78.070691
0.99,1,78.070691
0.95,5,78.079247
0.91,9,78.080244
0.59,41,78.094832
0.74,26,78.095878
0.99,1,78.095878
0.57,43,78.103876
0.81,19,78.104876
0.4,60,78.104876
0.79,21,78.105917
0.0,101,78.107717
0.97,3,78.10972
0.97,3,78.112423
0.91,9,78.112423
0.85,15,78.112423
0.0,101,78.112423
0.91,9,78.144827
0.87,13,78.148825
0.96,4,78.157825
0.73,27,78.158825
0.91,9,78.164768
0.97,3,78.169887
0.99,1,78.170959
0.94,6,78.1796
0.7,30,78.180603
0.5,50,78.1826
0.88,12,78.1876
0.9,10,78.197575
0.87,13,78.205575
0.51,49,78.207575
0.74,26,78.215674
0.95,5,78.216674
0.69,31,78.232353
0.9,10,78.233353
0.99,1,78.233353
0.16,84,78.240353
0.83,17,78.247956
0.35,65,78.249955
0.98,2,78.250955
0.96,4,78.256956
0.85,15,78.258955
0.95,5,78.258955
0.13,87,78.260956
0.99,1,78.26163
0.99,1,78.272684
0.94,6,78.278908
0.11,89,78.278908
0.75,25,78.278908
0.99,1,78.278908
0.85,15,78.278908
0.99,1,78.294485
0.84,16,78.296527
0.48,52,78.296527
0.97,3,78.298527
0.9,10,78.307527
0.48,52,78.307527
0.88,12,78.307527
0.98,2,78.314475
0.94,6,78.314475
0.99,1,78.314475
0.84,16,78.332848
0.57,43,78.332848
0.98,2,78.339884
0.94,6,78.339884
0.86,14,78.340882
0.98,2,78.341881
0.7,30,78.349881
0.92,8,78.351883
0.75,25,78.352881
0.99,1,78.353878
0.95,5,78.360885
0.88,12,78.364732
0.69,31,78.369732
0.9,10,78.372736
0.84,16,78.372736
0.91,9,78.373733
0.97,3,78.373733
0.81,19,78.387561
0.0,101,78.395188
0.92,8,78.395188
0.89,11,78.398462
0.9,10,78.408071
0.56,44,78.411178
0.92,8,78.411178
0.79,21,78.412402
0.74,26,78.412402
0.94,6,78.412402
0.97,3,78.412402
0.84,16,78.430816
0.93,7,78.434816
0.99,1,78.435816
0.7,30,78.436816
0.98,2,78.438816
0.95,5,78.439816
0.69,31,78.439816
0.76,24,78.457855
0.96,4,78.466959
0.74,26,78.46896
0.0,101,78.478382
0.9,10,78.485392
0.51,49,78.491392
0.92,8,78.492392
0.99,1,78.498069
0.94,6,78.499071
0.58,42,78.501071
0.96,4,78.508071
0.98,2,78.513833
0.45,55,78.518832
0.95,5,78.522832
0.73,27,78.523832
0.98,2,78.525832
0.95,5,78.527855
0.99,1,78.527855
0.54,46,78.53232
0.99,1,78.53232
0.97,3,78.53432
0.81,19,78.53432
0.89,11,78.54132
0.73,27,78.54232
0.98,2,78.54332
0.68,32,78.552947
0.84,16,78.558948
0.86,14,78.558948
0.85,15,78.559947
0.35,65,78.561723
0.98,2,78.567782
0.98,2,78.56978
0.8,20,78.578467
0.78,22,78.59734
0.62,38,78.599339
0.99,1,78.600339
0.86,14,78.608373
0.92,8,78.615695
0.99,1,78.620695
0.69,31,78.623695
0.93,7,78.624695
0.63,37,78.633388
0.0,101,78.633388
0.0,101,78.635386
0.99,1,78.641386
0.61,39,78.641386
0.5,50,78.643386
0.97,3,78.645094
0.81,19,78.663405
0.88,12,78.663405
0.82,18,78.663405
0.74,26,78.663405
0.79,21,78.685839
0.9,10,78.685839
0.97,3,78.692839
0.74,26,78.692839
0.63,37,78.694843
0.41,59,78.694843
0.99,1,78.695842
0.97,3,78.69684
0.81,19,78.70984
0.62,38,78.711197
0.9,10,78.711197
0.92,8,78.711713
0.77,23,78.712766
0.95,5,78.719763
0.93,7,78.720762
0.84,16,78.722763
0.94,6,78.722763
0.98,2,78.726763
0.97,3,78.726763
0.99,1,78.726763
0.39,61,78.726763
0.99,1,78.731256
0.99,1,78.732256
0.98,2,78.733258
0.96,4,78.735256
0.96,4,78.739256
0.93,7,78.742255
0.82,18,78.74456
0.8,20,78.749074
0.98,2,78.749074
0.63,37,78.749074
0.99,1,78.749074
0.99,1,78.749074
0.99,1,78.749074
0.97,3,78.763859
0.98,2,78.763859
0.79,21,78.777913
0.98,2,78.779539
0.94,6,78.779539
0.79,21,78.779539
0.54,46,78.779539
0.98,2,78.779539
0.79,21,78.779539
0.84,16,78.779539
0.93,7,78.796351
0.96,4,78.796351
0.98,2,78.796351
0.76,24,78.796351
0.69,31,78.813159
0.9,10,78.813159
0.64,36,78.813159
0.91,9,78.813159
0.96,4,78.829346
0.77,23,78.829346
0.74,26,78.829346
0.98,2,78.829346
0.93,7,78.829346
0.88,12,78.829346
0.3,70,78.829346
0.94,6,78.845974
0.92,8,78.862717
0.63,37,78.862717
0.58,42,78.862717
0.81,19,78.862717
0.91,9,78.862717
0.79,21,78.879572
0.99,1,78.879572
0.96,4,78.879572
0.67,33,78.879572
0.78,22,78.879572
0.99,1,78.879572
0.88,12,78.912259
0.58,42,78.912939
0.87,13,78.912939
0.98,2,78.912939
0.98,2,78.912939
0.94,6,78.912939
0.72,28,78.912939
0.35,65,78.912939
0.99,1,78.912939
0.97,3,78.929544
0.96,4,78.929544
0.82,18,78.946926
0.92,8,78.946926
0.91,9,78.946926
0.74,26,78.963238
0.61,39,78.963238
0.79,21,78.963238
0.99,1,78.963238
0.95,5,78.977824
0.87,13,78.979508
0.44,56,78.979508
0.99,1,78.979508
0.5,50,78.979508
0.98,2,78.979508
0.96,4,78.979508
0.91,9,78.979508
0.91,9,78.996202
0.91,9,78.996202
0.83,17,79.012746
0.99,1,79.012746
0.83,17,79.027797
0.9,10,79.027797
0.99,1,79.02917
0.96,4,79.02917
0.92,8,79.02917
0.95,5,79.04638
0.18,82,79.04638
0.88,12,79.04638
0.0,101,79.04638
0.44,56,79.06294
0.99,1,79.06294
0.58,42,79.079785
0.8,20,79.079785
0.94,6,79.079785
0.78,22,79.079785
0.56,44,79.079785
0.98,2,79.095924
0.99,1,79.095924
0.82,18,79.095924
0.9,10,79.095924
0.91,9,79.095924
0.99,1,79.095924
0.83,17,79.112567
0.68,32,79.129353
0.81,19,79.129353
0.0,101,79.146084
0.75,25,79.146084
0.03,97,79.163083
0.75,25,79.179413
0.59,41,79.179413
0.71,29,79.179413
0.97,3,79.19573
0.97,3,79.19573
0.89,11,79.212504
0.92,8,79.229015
0.05,95,79.229015
0.84,16,79.229015
0.98,2,79.229015
0.58,42,79.245723
0.71,29,79.245723
0.0,101,79.245723
0.96,4,79.245723
0.89,11,79.262684
0.92,8,79.262684
0.97,3,79.262684
0.47,53,79.262684
0.98,2,79.262684
0.81,19,79.262684
0.94,6,79.279189
0.47,53,79.279189
0.88,12,79.279189
0.93,7,79.279189
0.98,2,79.279189
0.71,29,79.295871
0.82,18,79.295871
0.0,101,79.295871
0.94,6,79.295871
0.96,4,79.312529
0.83,17,79.312529
0.87,13,79.312529
0.98,2,79.312529
0.88,12,79.312529
0.0,101,79.328989
0.98,2,79.328989
0.73,27,79.328989
0.96,4,79.328989
0.97,3,79.328989
0.99,1,79.328989
0.98,2,79.328989
0.99,1,79.328989
0.97,3,79.328989
0.99,1,79.328989
0.53,47,79.328989
0.75,25,79.328989
0.94,6,79.345595
0.9,10,79.345595
0.77,23,79.362453
0.71,29,79.362453
0.87,13,79.362453
0.76,24,79.362453
0.99,1,79.37808
0.82,18,79.379683
0.96,4,79.379683
0.95,5,79.379683
0.94,6,79.394499
0.97,3,79.395887
0.72,28,79.413167
0.57,43,79.413167
0.89,11,79.413167
0.97,3,79.413167
0.45,55,79.428816
0.07,93,79.428951
0.97,3,79.428951
0.47,53,79.428951
0.89,11,79.444478
0.06,94,79.445653
0.98,2,79.445653
0.88,12,79.445653
0.94,6,79.445653
0.89,11,79.462919
0.98,2,79.462919
0.57,43,79.462919
0.99,1,79.462919
0.96,4,79.462919
0.86,14,79.495612
0.89,11,79.495612
0.35,65,79.512212
0.58,42,79.512212
0.88,12,79.512212
0.98,2,79.529047
0.59,41,79.529047
0.22,78,79.54575
0.73,27,79.54575
0.82,18,79.562485
0.99,1,79.562485
0.88,12,79.562485
0.24,76,79.595737
0.86,14,79.595737
0.99,1,79.595737
0.98,2,79.595737
0.96,4,79.595737
0.99,1,79.595737
0.99,1,79.595737
0.98,2,79.612283
0.0,101,79.612283
0.96,4,79.628892
0.86,14,79.628892
0.6,40,79.628892
0.36,64,79.628892
0.98,2,79.645638
0.95,5,79.645638
0.0,101,79.645638
0.42,58,79.645638
0.98,2,79.645638
0.72,28,79.645638
0.24,76,79.662408
0.0,101,79.662408
0.98,2,79.662408
0.94,6,79.662408
0.97,3,79.662408
0.81,19,79.679014
0.88,12,79.679014
0.86,14,79.695474
0.9,10,79.695842
0.68,32,79.695842
0.95,5,79.695842
0.66,34,79.695842
0.7,30,79.695842
0.89,11,79.714191
0.74,26,79.714191
0.98,2,79.717189
0.87,13,79.717247
0.85,15,79.727789
0.94,6,79.7295
0.0,101,79.7295
0.82,18,79.746279
0.83,17,79.746279
0.57,43,79.746279
0.95,5,79.746279
0.89,11,79.761115
0.88,12,79.762991
0.99,1,79.779571
0.99,1,79.779571
0.99,1,79.779571
0.86,14,79.779571
0.74,26,79.779571
0.61,39,79.779571
0.98,2,79.796248
0.56,44,79.796248
0.76,24,79.812954
0.59,41,79.812954
0.54,46,79.812954
0.91,9,79.812954
0.83,17,79.828797
0.84,16,79.829376
0.81,19,79.829376
0.91,9,79.829376
0.9,10,79.829376
0.98,2,79.846238
0.95,5,79.846238
0.74,26,79.846238
0.92,8,79.846238
0.95,5,79.86254
0.72,28,79.879555
0.89,11,79.879555
0.43,57,79.879555
0.78,22,79.879555
0.74,26,79.879555
0.65,35,79.895973
0.79,21,79.895973
0.94,6,79.895973
0.75,25,79.895973
0.9,10,79.912335
0.98,2,79.912335
0.87,13,79.912335
0.88,12,79.928793
0.91,9,79.929021
0.27,73,79.929021
0.98,2,79.929021
0.98,2,79.929021
0.99,1,79.929021
0.77,23,79.929021
0.98,2,79.929021
0.8,20,79.945847
0.85,15,79.945847
0.89,11,79.945847
0.97,3,79.945847
0.93,7,79.961151
0.97,3,79.962867
0.9,10,79.977807
0.56,44,79.979228
0.75,25,79.979228
0.9,10,79.979228
0.98,2,79.979228
0.94,6,79.979228
0.99,1,79.979228
0.98,2,79.979228
0.71,29,79.996149
0.98,2,79.996149
0.99,1,79.996149
0.98,2,79.996149
0.79,21,79.996149
0.7,30,79.996149
0.98,2,79.996149
0.89,11,80.011143
0.9,10,80.011143
0.97,3,80.012599
0.9,10,80.012599
0.99,1,80.012599
0.46,54,80.012599
0.91,9,80.012599
0.92,8,80.029321
0.46,54,80.029321
0.86,14,80.029321
0.96,4,80.029321
0.99,1,80.029321
0.86,14,80.029321
0.99,1,80.029321
0.83,17,80.045909
0.98,2,80.045909
0.9,10,80.045909
0.98,2,80.045909
0.0,101,80.062409
0.68,32,80.062409
0.68,32,80.062409
0.81,19,80.062409
0.93,7,80.079403
0.7,30,80.079403
0.95,5,80.0945
0.62,38,80.096063
0.98,2,80.096063
0.98,2,80.096063
0.76,24,80.096063
0.7,30,80.112525
0.71,29,80.112525
0.75,25,80.112525
0.93,7,80.129202
0.6,40,80.145818
0.71,29,80.145818
0.63,37,80.161149
0.98,2,80.162486
0.85,15,80.162486
0.98,2,80.162486
0.9,10,80.162486
0.93,7,80.162486
0.98,2,80.179179
0.93,7,80.179179
0.98,2,80.179179
0.96,4,80.179179
0.94,6,80.179179
0.67,33,80.179179
0.59,41,80.195938
0.95,5,80.195938
0.99,1,80.195938
0.95,5,80.195938
0.91,9,80.195938
0.9,10,80.2126
0.85,15,80.2126
0.0,101,80.2126
0.99,1,80.2126
0.0,101,80.229204
0.98,2,80.245818
0.32,68,80.245818
0.82,18,80.245818
0.29,71,80.245818
0.75,25,80.245818
0.95,5,80.261146
0.49,51,80.262567
0.94,6,80.262567
0.99,1,80.262567
0.96,4,80.262567
0.72,28,80.279025
0.72,28,80.279025
0.63,37,80.279025
0.9,10,80.279025
0.94,6,80.295874
0.65,35,80.295874
0.84,16,80.295874
0.69,31,80.311196
0.88,12,80.312711
0.81,19,80.312711
0.99,1,80.312711
0.99,1,80.329388
0.93,7,80.329388
0.56,44,80.329388
0.93,7,80.329388
0.74,26,80.346121
0.77,23,80.346121
0.87,13,80.346121
0.98,2,80.346121
0.99,1,80.346121
0.98,2,80.346121
0.83,17,80.346121
0.43,57,80.346121
0.85,15,80.36261
0.83,17,80.36261
0.88,12,80.379273
0.88,12,80.379273
0.98,2,80.379273
0.31,69,80.379273
0.73,27,80.412733
0.22,78,80.42917
0.53,47,80.445796
0.67,33,80.445796
0.69,31,80.445796
0.47,53,80.445796
0.48,52,80.445796
0.6,40,80.445796
0.96,4,80.445796
0.99,1,80.445796
0.97,3,80.462523
0.97,3,80.462523
0.03,97,80.462523
0.91,9,80.462523
0.9,10,80.462523
0.96,4,80.462523
0.79,21,80.462523
0.89,11,80.479248
0.85,15,80.479248
0.98,2,80.479248
0.96,4,80.479248
0.97,3,80.479248
0.95,5,80.479248
0.89,11,80.495819
0.61,39,80.495819
0.94,6,80.495819
0.91,9,80.495819
0.94,6,80.495819
0.77,23,80.51117
0.98,2,80.51117
0.93,7,80.512667
0.82,18,80.512667
0.2,80,80.527843
0.89,11,80.529433
0.8,20,80.545902
0.98,2,80.545902
0.56,44,80.545902
0.99,1,80.545902
0.92,8,80.566141
0.6,40,80.566141
0.94,6,80.566141
0.65,35,80.566141
0.74,26,80.566141
0.98,2,80.566141
0.96,4,80.566141
0.93,7,80.579127
0.38,62,80.579127
0.86,14,80.596553
0.91,9,80.613065
0.43,57,80.629154
0.52,48,80.629154
0.81,19,80.645912
0.74,26,80.645912
0.86,14,80.645912
0.67,33,80.645912
0.25,75,80.662459
0.56,44,80.662459
0.82,18,80.662459
0.97,3,80.662459
0.54,46,80.662459
0.87,13,80.662459
0.97,3,80.662459
0.86,14,80.662459
0.96,4,80.662459
0.92,8,80.679241
0.97,3,80.679241
0.99,1,80.679241
0.92,8,80.679241
0.92,8,80.679241
0.92,8,80.695929
0.92,8,80.695929
0.87,13,80.712807
0.63,37,80.712807
0.66,34,80.727814
0.93,7,80.729503
0.98,2,80.729503
0.92,8,80.729503
0.94,6,80.745805
0.0,101,80.745805
0.99,1,80.745805
0.69,31,80.745805
0.81,19,80.745805
0.99,1,80.745805
0.54,46,80.745805
0.96,4,80.745805
0.96,4,80.761146
0.7,30,80.762966
0.82,18,80.762966
0.89,11,80.762966
0.93,7,80.762966
0.86,14,80.779713
0.93,7,80.779713
0.96,4,80.779713
0.89,11,80.779713
0.93,7,80.795978
0.86,14,80.795978
0.99,1,80.795978
0.43,57,80.795978
0.97,3,80.795978
0.98,2,80.795978
0.78,22,80.812643
0.79,21,80.829354
0.96,4,80.829354
0.54,46,80.846219
0.96,4,80.846219
0.99,1,80.846219
0.81,19,80.846219
0.98,2,80.846219
0.68,32,80.86116
0.71,29,80.86116
0.74,26,80.862832
0.99,1,80.862832
0.95,5,80.862832
0.85,15,80.879252
0.36,64,80.879252
0.88,12,80.879252
0.67,33,80.879252
0.84,16,80.895464
0.55,45,80.896146
0.97,3,80.896146
0.98,2,80.896146
0.92,8,80.896146
0.89,11,80.896146
0.97,3,80.896146
0.84,16,80.911185
0.78,22,80.913296
0.98,2,80.913296
0.88,12,80.913296
0.89,11,80.913296
0.84,16,80.929511
0.99,1,80.929511
0.98,2,80.929511
0.99,1,80.929511
0.9,10,80.929511
0.84,16,80.946113
0.86,14,80.946113
0.99,1,80.946113
0.83,17,80.961123
0.98,2,80.962168
0.95,5,80.963224
0.87,13,80.963224
0.94,6,80.963224
0.74,26,80.97953
0.75,25,80.996364
0.84,16,80.996364
0.69,31,81.011133
0.91,9,81.031177
0.68,32,81.045487
0.92,8,81.046556
0.53,47,81.046556
0.2,80,81.046556
0.56,44,81.062901
0.9,10,81.062901
0.99,1,81.062901
0.91,9,81.062901
0.69,31,81.062901
0.0,101,81.062901
0.97,3,81.079411
0.95,5,81.079411
0.55,45,81.079411
0.65,35,81.096
0.97,3,81.096
0.99,1,81.096
0.96,4,81.096
0.89,11,81.096
0.98,2,81.096
0.54,46,81.096
0.97,3,81.096
0.88,12,81.096
0.96,4,81.096
0.89,11,81.096
0.97,3,81.112761
0.92,8,81.112761
0.81,19,81.112761
0.92,8,81.112761
0.9,10,81.112761
0.84,16,81.129979
0.67,33,81.129979
0.99,1,81.129979
0.91,9,81.129979
0.82,18,81.129979
0.99,1,81.129979
0.9,10,81.129979
0.86,14,81.129979
0.99,1,81.129979
0.98,2,81.145508
0.93,7,81.146308
0.95,5,81.146308
0.76,24,81.162788
0.79,21,81.179456
0.43,57,81.179456
0.88,12,81.179456
0.71,29,81.179456
0.98,2,81.194437
0.99,1,81.196274
0.99,1,81.196274
0.59,41,81.196274
0.76,24,81.196274
0.99,1,81.196274
0.85,15,81.196274
0.93,7,81.196274
0.92,8,81.196274
0.92,8,81.196274
0.99,1,81.196274
0.77,23,81.212961
0.99,1,81.212961
0.7,30,81.212961
0.94,6,81.212961
0.97,3,81.212961
0.93,7,81.212961
0.96,4,81.229634
0.86,14,81.229634
0.9,10,81.229634
0.99,1,81.229634
0.84,16,81.229634
0.84,16,81.229634
0.89,11,81.229634
0.99,1,81.246341
0.88,12,81.246341
0.94,6,81.246341
0.97,3,81.246341
0.88,12,81.262792
0.93,7,81.262792
0.98,2,81.262792
0.94,6,81.262792
0.93,7,81.262792
0.98,2,81.262792
0.98,2,81.262792
0.8,20,81.279723
0.89,11,81.279723
0.99,1,81.296543
0.98,2,81.296543
0.95,5,81.312882
0.57,43,81.312882
0.99,1,81.312882
0.8,20,81.312882
0.99,1,81.312882
0.78,22,81.312882
0.85,15,81.329437
0.99,1,81.329437
0.17,83,81.329437
0.89,11,81.329437
0.55,45,81.346171
0.87,13,81.346171
0.58,42,81.346171
0.98,2,81.346171
0.9,10,81.346171
0.94,6,81.346171
0.87,13,81.346171
0.97,3,81.362775
0.97,3,81.362775
0.99,1,81.362775
0.92,8,81.362775
0.97,3,81.362775
0.95,5,81.362775
0.89,11,81.362775
0.9,10,81.362775
0.79,21,81.362775
0.59,41,81.37879
0.94,6,81.379551
0.9,10,81.379551
0.9,10,81.396048
0.94,6,81.413018
0.87,13,81.413018
0.84,16,81.413018
0.82,18,81.413018
0.91,9,81.413018
0.76,24,81.413018
0.94,6,81.429495
0.94,6,81.429495
0.76,24,81.429495
0.96,4,81.444474
0.86,14,81.446177
0.83,17,81.446177
0.66,34,81.462794
0.97,3,81.462794
0.88,12,81.462794
0.0,101,81.462794
0.97,3,81.478801
0.95,5,81.478801
0.9,10,81.478801
0.76,24,81.478801
0.99,1,81.479519
0.94,6,81.479519
0.98,2,81.479519
0.81,19,81.479519
0.95,5,81.479519
0.96,4,81.479519
0.9,10,81.496198
0.96,4,81.512805
0.81,19,81.512805
0.63,37,81.512805
0.91,9,81.546471
0.69,31,81.562817
0.71,29,81.562817
0.99,1,81.562817
0.35,65,81.579424
0.73,27,81.579424
0.95,5,81.579424
0.94,6,81.579424
0.98,2,81.596112
0.97,3,81.596112
0.79,21,81.596112
0.47,53,81.61287
0.81,19,81.61287
0.93,7,81.61287
0.8,20,81.61287
0.97,3,81.61287
0.0,101,81.61287
0.94,6,81.61287
0.93,7,81.628928
0.9,10,81.629756
0.94,6,81.629756
0.34,66,81.646135
0.96,4,81.646135
0.47,53,81.646135
0.78,22,81.646135
0.86,14,81.646135
0.83,17,81.66255
0.87,13,81.66255
0.99,1,81.66255
0.98,2,81.66255
0.99,1,81.66255
0.99,1,81.66255
0.91,9,81.66255
0.93,7,81.66255
0.96,4,81.679496
0.97,3,81.679496
0.94,6,81.679496
0.11,89,81.679496
0.76,24,81.696023
0.93,7,81.696023
0.77,23,81.7128
0.97,3,81.7128
0.96,4,81.7128
0.92,8,81.7128
0.83,17,81.7128
0.78,22,81.729681
0.93,7,81.729681
0.93,7,81.729681
0.91,9,81.729681
0.94,6,81.745472
0.94,6,81.746245
0.71,29,81.746245
0.95,5,81.746245
0.62,38,81.746245
0.81,19,81.779658
0.86,14,81.779658
0.9,10,81.796154
0.94,6,81.796154
0.98,2,81.796154
0.72,28,81.796154
0.98,2,81.796154
0.32,68,81.796154
0.29,71,81.812782
0.97,3,81.812782
0.94,6,81.812782
0.98,2,81.812782
0.94,6,81.829329
0.58,42,81.829329
0.0,101,81.829329
0.83,17,81.829329
0.97,3,81.829329
0.95,5,81.846361
0.97,3,81.846361
0.81,19,81.846361
0.99,1,81.846361
0.93,7,81.862726
0.81,19,81.862726
0.86,14,81.862726
0.88,12,81.879487
0.71,29,81.879487
0.99,1,81.879487
0.99,1,81.895966
0.91,9,81.895966
0.89,11,81.912604
0.63,37,81.912604
0.97,3,81.912604
0.94,6,81.929397
0.91,9,81.929397
0.76,24,81.929397
0.99,1,81.929397
0.18,82,81.944441
0.0,101,81.945919
0.93,7,81.945919
0.94,6,81.963026
0.99,1,81.963026
0.97,3,81.963026
0.94,6,81.963026
0.84,16,81.963026
0.95,5,81.979524
0.83,17,81.979524
0.0,101,81.979524
0.5,50,81.979524
0.9,10,81.979524
0.91,9,81.99594
0.89,11,82.012584
0.93,7,82.029454
0.78,22,82.029454
0.72,28,82.029454
0.37,63,82.029454
0.97,3,82.029454
0.82,18,82.044439
0.97,3,82.044439
0.7,30,82.046004
0.18,82,82.046004
0.94,6,82.046004
0.94,6,82.062626
0.0,101,82.062626
0.77,23,82.079274
0.93,7,82.079274
0.94,6,82.095875
0.34,66,82.095875
0.73,27,82.095875
0.43,57,82.112546
0.82,18,82.112546
0.69,31,82.12921
0.9,10,82.12921
0.93,7,82.12921
0.89,11,82.12921
0.98,2,82.12921
0.96,4,82.12921
0.57,43,82.12921
0.93,7,82.12921
0.97,3,82.146031
0.56,44,82.146031
0.9,10,82.161073
0.98,2,82.161073
0.95,5,82.162627
0.88,12,82.179225
0.7,30,82.179225
0.34,66,82.179225
0.75,25,82.179225
0.75,25,82.195666
0.99,1,82.195666
0.85,15,82.195666
0.57,43,82.195666
0.97,3,82.195666
0.54,46,82.195666
0.94,6,82.195666
0.85,15,82.21278
0.38,62,82.21278
0.53,47,82.21278
0.94,6,82.21278
0.89,11,82.229206
0.95,5,82.229206
0.75,25,82.229206
0.99,1,82.244443
0.87,13,82.244443
0.98,2,82.24685
0.97,3,82.24685
0.73,27,82.24685
0.71,29,82.24685
0.99,1,82.24685
0.81,19,82.280592
0.99,1,82.280592
0.97,3,82.280592
0.77,23,82.280592
0.82,18,82.280592
0.99,1,82.280592
0.79,21,82.280592
0.97,3,82.295416
0.99,1,82.295416
0.98,2,82.295886
0.5,50,82.295886
0.97,3,82.295886
0.93,7,82.295886
0.96,4,82.295886
0.63,37,82.295886
0.85,15,82.312374
0.63,37,82.312374
0.85,15,82.312374
0.91,9,82.329275
0.96,4,82.346044
0.88,12,82.346044
0.31,69,82.346044
0.93,7,82.362128
0.94,6,82.362661
0.65,35,82.362661
0.78,22,82.362661
0.61,39,82.362661
0.84,16,82.379262
0.88,12,82.379262
0.96,4,82.396036
0.0,101,82.41239
0.42,58,82.41239
0.0,101,82.41239
0.88,12,82.41239
0.69,31,82.42878
0.68,32,82.42878
0.95,5,82.434777
0.62,38,82.434777
0.99,1,82.435776
0.94,6,82.438776
0.91,9,82.445779
0.69,31,82.452778
0.9,10,82.452778
0.95,5,82.454778
0.97,3,82.455778
0.95,5,82.46289
0.85,15,82.46289
0.76,24,82.46289
0.94,6,82.479642
0.89,11,82.479642
0.7,30,82.479642
0.96,4,82.479642
0.87,13,82.497428
0.99,1,82.498429
0.0,101,82.508428
0.8,20,82.508428
0.96,4,82.508428
0.99,1,82.510428
0.56,44,82.510428
0.99,1,82.51143
0.17,83,82.52543
0.8,20,82.53151
0.97,3,82.532511
0.98,2,82.53351
0.82,18,82.542511
0.94,6,82.542511
0.82,18,82.54351
0.49,51,82.549137
0.99,1,82.550137
0.99,1,82.552137
0.66,34,82.552137
0.65,35,82.554137
0.98,2,82.554137
0.77,23,82.560138
0.97,3,82.561639
0.98,2,82.561639
0.73,27,82.561639
0.95,5,82.563684
0.94,6,82.571684
0.44,56,82.572684
0.87,13,82.576684
0.9,10,82.583442
0.85,15,82.593436
0.64,36,82.603328
0.85,15,82.609328
0.83,17,82.609328
0.61,39,82.619187
0.95,5,82.619187
0.6,40,82.621187
0.71,29,82.628307
0.65,35,82.628307
0.89,11,82.629359
0.89,11,82.639357
0.82,18,82.655102
0.74,26,82.655102
0.98,2,82.657101
0.83,17,82.659102
0.81,19,82.665722
0.98,2,82.667722
0.77,23,82.672723
0.87,13,82.683443
0.23,77,82.689443
0.8,20,82.691444
0.34,66,82.701987
0.9,10,82.704987
0.72,28,82.705987
0.41,59,82.705987
0.93,7,82.706987
0.95,5,82.713791
0.6,40,82.715791
0.96,4,82.722791
0.89,11,82.722791
0.9,10,82.725791
0.97,3,82.726792
0.44,56,82.731309
0.96,4,82.731309
0.99,1,82.732308
0.97,3,82.734308
0.85,15,82.735308
0.95,5,82.742309
0.97,3,82.74993
0.58,42,82.74993
0.76,24,82.75093
0.57,43,82.75293
0.99,1,82.75293
0.78,22,82.759931
0.98,2,82.759931
0.92,8,82.764789
0.79,21,82.770798
0.6,40,82.770798
0.77,23,82.771797
0.89,11,82.773789
0.97,3,82.774791
0.76,24,82.781547
0.86,14,82.784544
0.96,4,82.784544
0.97,3,82.785546
0.83,17,82.795844
0.89,11,82.795844
0.89,11,82.795844
0.99,1,82.795844
0.93,7,82.795844
0.98,2,82.795844
0.9,10,82.795844
0.94,6,82.795844
0.99,1,82.795844
0.99,1,82.820073
0.94,6,82.821073
0.81,19,82.830072
0.83,17,82.839073
0.84,16,82.840073
0.97,3,82.846053
0.65,35,82.880808
0.77,23,82.881808
0.7,30,82.881808
0.78,22,82.882808
0.97,3,82.885809
0.56,44,82.898873
0.44,56,82.903871
0.84,16,82.908871
0.82,18,82.916843
0.94,6,82.918844
0.83,17,82.932455
0.95,5,82.932455
0.0,101,82.939454
0.97,3,82.939454
0.87,13,82.942454
0.71,29,82.942454
0.98,2,82.948173
0.94,6,82.950172
0.0,101,82.958172
0.88,12,82.960172
0.89,11,82.965832
0.0,101,82.972833
0.0,101,82.974832
0.95,5,82.976832
0.93,7,82.978333
0.97,3,82.978333
0.98,2,82.980339
0.96,4,82.98634
0.96,4,82.988337
0.82,18,82.990337
0.95,5,82.990337
0.96,4,82.996215
0.9,10,83.004213
0.83,17,83.013846
0.96,4,83.017846
0.84,16,83.022847
0.89,11,83.023847
0.85,15,83.023847
0.73,27,83.023847
0.55,45,83.024846
0.8,20,83.027778
0.93,7,83.040254
0.98,2,83.042253
0.91,9,83.045424
0.89,11,83.045424
0.3,70,83.045424
0.87,13,83.045424
0.83,17,83.062077
0.83,17,83.063073
0.91,9,83.070074
0.87,13,83.072073
0.99,1,83.072073
0.42,58,83.074074
0.06,94,83.079624
0.92,8,83.079624
0.86,14,83.079624
0.87,13,83.09739
0.77,23,83.105389
0.98,2,83.107388
0.92,8,83.115389
0.96,4,83.116389
0.77,23,83.11839
0.96,4,83.126388
0.8,20,83.126388
0.56,44,83.126388
0.99,1,83.128503
0.62,38,83.132505
0.72,28,83.133505
0.73,27,83.134504
0.95,5,83.136504
0.99,1,83.141505
0.87,13,83.155452
0.64,36,83.156451
0.93,7,83.156451
0.99,1,83.157451
0.52,48,83.162884
0.77,23,83.163882
0.94,6,83.164884
0.81,19,83.171882
0.71,29,83.171882
0.75,25,83.173883
0.97,3,83.174883
0.87,13,83.181441
0.98,2,83.181441
0.85,15,83.182442
0.99,1,83.182442
0.85,15,83.188444
0.92,8,83.189443
0.85,15,83.191443
0.93,7,83.192444
0.99,1,83.192444
0.88,12,83.192444
0.98,2,83.199309
0.91,9,83.20131
0.91,9,83.214207
0.91,9,83.214207
0.58,42,83.214207
0.93,7,83.214207
0.99,1,83.216209
0.99,1,83.216209
0.99,1,83.216209
0.92,8,83.234444
0.91,9,83.235444
0.89,11,83.237444
0.73,27,83.238443
0.99,1,83.238443
0.81,19,83.243443
0.97,3,83.243443
0.88,12,83.243443
0.97,3,83.246428
0.98,2,83.246428
0.96,4,83.248431
0.56,44,83.25343
0.94,6,83.254431
0.96,4,83.254431
0.92,8,83.271931
0.78,22,83.290551
0.97,3,83.299334
0.71,29,83.318906
0.99,1,83.320904
0.07,93,83.324906
0.34,66,83.328748
0.92,8,83.353462
0.87,13,83.356459
0.42,58,83.35846
0.2,80,83.364461
0.98,2,83.366461
0.99,1,83.366461
0.97,3,83.370461
0.96,4,83.380532
0.38,62,83.382532
0.96,4,83.38553
0.99,1,83.38653
0.95,5,83.39353
0.93,7,83.395032
0.82,18,83.396084
0.95,5,83.397084
0.95,5,83.403084
0.98,2,83.405083
0.95,5,83.405083
0.63,37,83.405083
0.98,2,83.411143
0.9,10,83.415841
0.85,15,83.423841
0.2,80,83.42684
0.9,10,83.43246
0.99,1,83.43246
0.67,33,83.43246
0.18,82,83.43546
0.97,3,83.43646
0.84,16,83.43846
0.95,5,83.442459
0.36,64,83.443459
0.98,2,83.443459
0.93,7,83.444939
0.91,9,83.458987
0.74,26,83.467803
0.99,1,83.469803
0.75,25,83.470803
0.99,1,83.470803
0.83,17,83.471803
0.64,36,83.472803
0.79,21,83.486641
0.0,101,83.492677
0.9,10,83.495295
0.91,9,83.495295
0.99,1,83.496304
0.88,12,83.503301
0.99,1,83.504301
0.9,10,83.505302
0.83,17,83.506302
0.98,2,83.506302
0.9,10,83.511558
0.68,32,83.521603
0.55,45,83.529322
0.98,2,83.53232
0.76,24,83.541319
0.92,8,83.549874
0.76,24,83.552839
0.69,31,83.554873
0.98,2,83.559873
0.34,66,83.563729
0.71,29,83.564728
0.98,2,83.568727
0.97,3,83.570735
0.84,16,83.578266
0.59,41,83.58132
0.93,7,83.58132
0.58,42,83.58732
0.6,40,83.602082
0.99,1,83.60308
0.91,9,83.60908
0.73,27,83.6118
0.83,17,83.61886
0.82,18,83.620861
0.89,11,83.62286
0.65,35,83.62286
0.7,30,83.627769
0.97,3,83.629373
0.94,6,83.63137
0.0,101,83.63237
0.98,2,83.63237
0.94,6,83.637372
0.67,33,83.641372
0.95,5,83.647035
0.97,3,83.651035
0.96,4,83.66127
0.85,15,83.663848
0.72,28,83.669849
0.75,25,83.670848
0.81,19,83.672848
0.95,5,83.674849
0.82,18,83.68287
0.77,23,83.68287
0.92,8,83.684867
0.99,1,83.685868
0.91,9,83.690868
0.96,4,83.693867
0.77,23,83.733506
0.47,53,83.736505
0.77,23,83.736505
0.61,39,83.745086
0.0,101,83.746421
0.7,30,83.746421
0.97,3,83.753306
0.97,3,83.756305
0.87,13,83.756305
0.22,78,83.762132
0.93,7,83.762132
0.86,14,83.762132
0.93,7,83.779161
0.87,13,83.779161
0.56,44,83.779161
0.98,2,83.779161
0.44,56,83.779161
0.93,7,83.779161
0.99,1,83.779161
0.91,9,83.794377
0.94,6,83.794377
0.84,16,83.801382
0.98,2,83.801382
0.89,11,83.805382
0.89,11,83.805382
0.87,13,83.818385
0.61,39,83.819385
0.99,1,83.819385
0.91,9,83.821385
0.99,1,83.821385
0.96,4,83.821385
0.99,1,83.822385
0.99,1,83.822385
0.98,2,83.827384
0.96,4,83.830572
0.99,1,83.831569
0.82,18,83.840321
0.82,18,83.840321
0.91,9,83.840321
0.94,6,83.845649
0.92,8,83.845649
0.91,9,83.845649
0.99,1,83.845649
0.8,20,83.868041
0.94,6,83.873041
0.89,11,83.874041
0.99,1,83.874041
0.96,4,83.876041
0.65,35,83.877042
0.0,101,83.878755
0.93,7,83.878755
0.59,41,83.895389
0.98,2,83.895389
0.97,3,83.902386
0.89,11,83.902386
0.99,1,83.903387
0.91,9,83.912388
0.93,7,83.914388
0.95,5,83.921387
0.43,57,83.934351
0.0,101,83.937356
0.88,12,83.942356
0.0,101,83.943356
0.98,2,83.945161
0.78,22,83.945161
0.91,9,83.951059
0.99,1,83.952059
0.99,1,83.953059
0.91,9,83.954059
0.56,44,83.959794
0.97,3,83.959794
0.8,20,83.961905
0.97,3,83.962947
0.87,13,83.96967
0.99,1,83.970669
0.38,62,83.973668
0.8,20,83.979475
0.99,1,83.981473
0.9,10,83.988921
0.8,20,83.989685
0.82,18,83.989685
0.99,1,83.99074
0.98,2,83.99074
0.96,4,83.997559
0.87,13,83.997559
0.33,67,84.004517
0.87,13,84.005515
0.75,25,84.007516
0.65,35,84.008515
0.98,2,84.013729
0.86,14,84.017064
0.94,6,84.023111
0.89,11,84.025962
0.8,20,84.02696
0.83,17,84.02696
0.62,38,84.0359
0.9,10,84.048577
0.84,16,84.049578
0.74,26,84.056773
0.65,35,84.065799
0.0,101,84.065799
0.84,16,84.065799
0.92,8,84.065799
0.98,2,84.067514
0.93,7,84.067514
0.79,21,84.072514
0.95,5,84.074305
0.98,2,84.076304
0.73,27,84.082222
0.9,10,84.083222
0.93,7,84.091012
0.88,12,84.092012
0.84,16,84.098083
0.82,18,84.101084
0.89,11,84.101084
0.93,7,84.103082
0.99,1,84.107083
0.99,1,84.108836
0.86,14,84.108836
0.99,1,84.109834
0.98,2,84.111675
0.86,14,84.115891
0.89,11,84.11889
0.64,36,84.128439
0.91,9,84.129442
0.99,1,84.133441
0.81,19,84.134441
0.99,1,84.139619
0.91,9,84.139619
0.95,5,84.14162
0.81,19,84.148155
0.35,65,84.149156
0.96,4,84.149156
0.24,76,84.149156
0.98,2,84.151603
0.97,3,84.152603
0.89,11,84.158108
0.77,23,84.159108
0.9,10,84.166147
0.92,8,84.167146
0.99,1,84.168146
0.94,6,84.169147
0.98,2,84.169958
0.9,10,84.169958
0.92,8,84.169958
0.95,5,84.174963
0.97,3,84.177747
0.97,3,84.177747
0.84,16,84.177747
0.99,1,84.179601
0.96,4,84.185863
0.92,8,84.187863
0.92,8,84.188862
0.97,3,84.189862
0.91,9,84.203629
0.81,19,84.204629
0.89,11,84.206672
0.98,2,84.20767
0.82,18,84.211771
0.81,19,84.213544
0.95,5,84.215542
0.93,7,84.223488
0.51,49,84.229436
0.92,8,84.230434
0.99,1,84.231434
0.0,101,84.232435
0.93,7,84.239394
0.97,3,84.239394
0.99,1,84.241394
0.93,7,84.242394
0.97,3,84.254317
0.76,24,84.256316
0.63,37,84.262836
0.94,6,84.265833
0.93,7,84.273833
0.81,19,84.280341
0.77,23,84.281341
0.91,9,84.28234
0.97,3,84.283341
0.92,8,84.28934
0.8,20,84.28934
0.0,101,84.28934
0.94,6,84.292341
0.99,1,84.293341
0.97,3,84.293341
0.93,7,84.298981
0.92,8,84.298981
0.99,1,84.299981
0.92,8,84.308982
0.88,12,84.309981
0.9,10,84.311064
0.98,2,84.316789
0.99,1,84.317789
0.89,11,84.319788
0.92,8,84.325788
0.0,101,84.32947
0.86,14,84.335467
0.75,25,84.344405
0.92,8,84.348025
0.82,18,84.352025
0.98,2,84.354023
0.59,41,84.367679
0.76,24,84.374676
0.12,88,84.377776
0.64,36,84.387773
0.83,17,84.387773
0.99,1,84.393155
0.0,101,84.395546
0.96,4,84.395546
0.72,28,84.395546
0.98,2,84.395546
0.15,85,84.395546
0.99,1,84.395546
0.8,20,84.395546
0.97,3,84.395546
0.99,1,84.395546
0.99,1,84.395546
0.9,10,84.412349
0.91,9,84.412349
0.62,38,84.427708
0.86,14,84.428939
0.85,15,84.428939
0.74,26,84.446026
0.96,4,84.446026
0.99,1,84.446026
0.99,1,84.446026
0.65,35,84.446026
0.91,9,84.446026
0.85,15,84.446026
0.95,5,84.462461
0.92,8,84.462461
0.99,1,84.462461
0.89,11,84.462461
0.92,8,84.479305
0.95,5,84.479305
0.91,9,84.479305
0.64,36,84.479305
0.93,7,84.496059
0.94,6,84.496059
0.99,1,84.496059
0.99,1,84.496059
0.96,4,84.496059
0.99,1,84.496059
0.18,82,84.496059
0.86,14,84.496059
0.99,1,84.496059
0.99,1,84.496059
0.94,6,84.512885
0.99,1,84.512885
0.27,73,84.528739
0.99,1,84.529509
0.64,36,84.529509
0.8,20,84.529509
0.99,1,84.529509
0.98,2,84.529509
0.98,2,84.529509
0.99,1,84.529509
0.77,23,84.546212
0.37,63,84.563046
0.72,28,84.564044
0.89,11,84.566044
0.99,1,84.571044
0.85,15,84.572044
0.83,17,84.572044
0.95,5,84.581046
0.99,1,84.582046
0.81,19,84.60191
0.9,10,84.60291
0.84,16,84.60291
0.94,6,84.612422
0.92,8,84.612422
0.5,50,84.612422
0.87,13,84.612422
0.0,101,84.631676
0.87,13,84.640676
0.3,70,84.642676
0.95,5,84.643676
0.99,1,84.649676
0.59,41,84.650676
0.88,12,84.652676
0.98,2,84.652676
0.99,1,84.653676
0.77,23,84.663586
0.76,24,84.663586
0.89,11,84.664588
0.47,53,84.666587
0.93,7,84.666587
0.84,16,84.683353
0.77,23,84.690352
0.26,74,84.698408
0.82,18,84.699409
0.81,19,84.700408
0.98,2,84.701408
0.73,27,84.705408
0.72,28,84.718586
0.97,3,84.721586
0.92,8,84.721586
0.0,101,84.722587
0.85,15,84.728271
0.97,3,84.732316
0.76,24,84.738316
0.7,30,84.761566
0.76,24,84.768572
0.44,56,84.770572
0.91,9,84.777702
0.61,39,84.77923
0.97,3,84.786228
0.92,8,84.795993
0.88,12,84.796991
0.96,4,84.804991
0.64,36,84.80599
0.95,5,84.813623
0.82,18,84.824623
0.43,57,84.83533
0.91,9,84.848093
0.64,36,84.855093
0.0,101,84.856093
0.85,15,84.856093
0.98,2,84.857093
0.88,12,84.870649
0.91,9,84.871649
0.0,101,84.872649
0.58,42,84.88125
0.91,9,84.88725
0.98,2,84.889251
0.89,11,84.89025
0.99,1,84.894844
0.92,8,84.895896
0.97,3,84.897896
0.7,30,84.905896
0.22,78,84.911052
0.0,101,84.911052
0.99,1,84.912593
0.65,35,84.915592
0.0,101,84.919592
0.94,6,84.928186
0.78,22,84.93124
0.86,14,84.93224
0.79,21,84.940239
0.94,6,84.940239
0.73,27,84.949948
0.99,1,84.949948
0.86,14,84.970732
0.84,16,84.975732
0.64,36,84.976732
0.98,2,84.978289
0.81,19,84.978289
0.47,53,84.986338
0.97,3,84.986338
0.69,31,84.986338
0.0,101,84.995923
0.91,9,84.995923
0.93,7,84.99892
0.98,2,85.00592
0.98,2,85.00892
0.88,12,85.009919
0.91,9,85.015697
0.86,14,85.015697
0.99,1,85.016697
0.77,23,85.017697
0.56,44,85.018697
0.96,4,85.019697
0.85,15,85.024698
0.92,8,85.032718
0.84,16,85.035717
0.83,17,85.040718
0.0,101,85.050843
0.91,9,85.050843
0.99,1,85.051843
0.84,16,85.058844
0.74,26,85.065596
0.93,7,85.070594
0.83,17,85.072594
0.89,11,85.073594
0.16,84,85.074594
0.99,1,85.074594
0.99,1,85.079573
0.99,1,85.080571
0.62,38,85.084573
0.94,6,85.088571
0.65,35,85.089572
0.85,15,85.093573
0.95,5,85.098057
0.87,13,85.098057
0.78,22,85.101058
0.56,44,85.101058
0.99,1,85.102057
0.94,6,85.107057
0.86,14,85.110057
0.88,12,85.110057
0.99,1,85.111047
0.9,10,85.115533
0.74,26,85.116533
0.99,1,85.116533
0.91,9,85.117532
0.95,5,85.118533
0.92,8,85.118533
0.85,15,85.128113
0.86,14,85.135154
0.75,25,85.140154
0.61,39,85.148913
0.83,17,85.148913
0.91,9,85.150912
0.8,20,85.151912
0.99,1,85.151912
0.95,5,85.156913
0.97,3,85.160913
0.0,101,85.161491
0.99,1,85.161491
0.71,29,85.166539
0.99,1,85.167538
0.61,39,85.188249
0.83,17,85.188249
0.62,38,85.188249
0.81,19,85.190247
0.98,2,85.190247
0.98,2,85.193215
0.84,16,85.197135
0.84,16,85.197135
0.89,11,85.214542
0.84,16,85.215542
0.63,37,85.216542
0.96,4,85.223541
0.8,20,85.225542
0.99,1,85.226542
0.8,20,85.233238
0.8,20,85.233238
0.99,1,85.234238
0.99,1,85.235238
0.99,1,85.236238
0.44,56,85.243238
0.35,65,85.246037
0.93,7,85.254038
0.94,6,85.259037
0.5,50,85.260037
0.77,23,85.262571
0.97,3,85.263571
0.71,29,85.279172
0.86,14,85.28917
0.87,13,85.28917
0.64,36,85.302965
0.85,15,85.311682
0.99,1,85.313736
0.99,1,85.314736
0.3,70,85.318736
0.43,57,85.320735
0.5,50,85.330316
0.77,23,85.335315
0.94,6,85.344895
0.76,24,85.354951
0.84,16,85.355951
0.66,34,85.359951
0.86,14,85.368673
0.84,16,85.380238
0.86,14,85.380238
0.59,41,85.385239
0.55,45,85.394926
0.94,6,85.394926
0.0,101,85.395973
0.98,2,85.401971
0.96,4,85.402971
0.72,28,85.403971
0.17,83,85.405971
0.84,16,85.415735
0.96,4,85.416736
0.82,18,85.417736
0.89,11,85.418735
0.98,2,85.420735
0.98,2,85.425735
0.95,5,85.428444
0.86,14,85.4295
0.87,13,85.436497
0.0,101,85.438498
0.95,5,85.438498
0.99,1,85.443498
0.98,2,85.445439
0.96,4,85.445439
0.87,13,85.447445
0.96,4,85.453445
0.95,5,85.456445
0.88,12,85.462736
0.91,9,85.462736
0.81,19,85.463734
0.96,4,85.470734
0.99,1,85.472734
0.0,101,85.473734
0.99,1,85.474735
0.98,2,85.474735
0.62,38,85.481373
0.9,10,85.481373
0.97,3,85.482372
0.96,4,85.490372
0.54,46,85.499954
0.97,3,85.506954
0.97,3,85.509953
0.79,21,85.518652
0.94,6,85.520651
0.64,36,85.532377
0.96,4,85.533377
0.98,2,85.535377
0.55,45,85.54546
0.0,100,85.560466
0.87,13,85.561425
0.2,80,85.561425
0.96,4,85.565471
0.41,59,85.57047
0.96,4,85.57047
0.95,5,85.579292
0.9,10,85.580291
0.97,3,85.58229
0.47,53,85.591291
0.75,25,85.591291
0.93,7,85.595953
0.85,15,85.595953
0.39,61,85.597951
0.98,2,85.597951
0.65,35,85.59995
0.56,44,85.604951
0.77,23,85.606951
0.9,10,85.614546
0.9,10,85.614546
0.96,4,85.621547
0.83,17,85.622546
0.71,29,85.629187
0.96,4,85.629187
0.99,1,85.630185
0.99,1,85.631185
0.99,1,85.633185
0.92,8,85.638185
0.95,5,85.638185
0.86,14,85.639186
0.98,2,85.640185
0.99,1,85.640185
0.77,23,85.650851
0.95,5,85.652851
0.71,29,85.65385
0.66,34,85.65385
0.98,2,85.654851
0.94,6,85.663747
0.59,41,85.667746
0.0,101,85.667746
0.99,1,85.669746
0.98,2,85.670746
0.88,12,85.677731
0.88,12,85.696388
0.74,26,85.697388
0.97,3,85.702389
0.81,19,85.702389
0.77,23,85.703389
0.99,1,85.703389
0.99,1,85.704388
0.78,22,85.704388
0.98,2,85.710388
0.6,40,85.710388
0.65,35,85.710388
0.98,2,85.711968
0.92,8,85.718974
0.89,11,85.720974
0.81,19,85.737312
0.78,22,85.744835
0.77,23,85.746881
0.77,23,85.751881
0.82,18,85.751881
0.31,69,85.753881
0.95,5,85.753881
0.98,2,85.755881
0.96,4,85.755881
0.95,5,85.760947
0.64,36,85.761457
0.98,2,85.766495
0.91,9,85.767494
0.96,4,85.770493
0.0,101,85.78733
0.89,11,85.78733
0.85,15,85.78733
0.61,39,85.789329
0.83,17,85.795927
0.85,15,85.797924
0.87,13,85.809925
0.87,13,85.811498
0.9,10,85.811498
0.98,2,85.813542
0.93,7,85.820541
0.0,101,85.821542
0.92,8,85.826541
0.93,7,85.82818
0.95,5,85.835218
0.55,45,85.844906
0.65,35,85.844906
0.98,2,85.846947
0.83,17,85.850947
0.98,2,85.853948
0.74,26,85.869657
0.82,18,85.882281
0.99,1,85.883279
0.43,57,85.88528
0.99,1,85.88528
0.83,17,85.88528
0.97,3,85.892279
0.65,35,85.899371
0.91,9,85.909372
0.04,96,85.911596
0.94,6,85.920648
0.57,43,85.925647
0.84,16,85.926648
0.93,7,85.935304
0.65,35,85.936305
0.94,6,85.936305
0.99,1,85.936305
0.99,1,85.937306
0.0,101,85.942304
0.97,3,85.942304
0.89,11,85.944371
0.65,35,85.947409
0.88,12,85.964072
0.99,1,85.96607
0.99,1,85.97007
0.85,15,85.97007
0.0,101,85.979831
0.96,4,85.983831
0.91,9,85.983831
0.07,93,85.995436
0.99,1,85.99648
0.99,1,85.997478
0.92,8,86.006686
0.89,11,86.012238
0.63,37,86.012238
0.99,1,86.012238
0.29,71,86.012238
0.62,38,86.012238
0.93,7,86.012238
0.98,2,86.029193
0.95,5,86.029193
0.82,18,86.045591
0.39,61,86.045591
0.41,59,86.045591
0.98,2,86.045591
0.8,20,86.045591
0.66,34,86.061483
0.83,17,86.062444
0.96,4,86.062444
0.98,2,86.062444
0.97,3,86.062444
0.92,8,86.062444
0.79,21,86.102001
0.99,1,86.102998
0.0,101,86.104
0.98,2,86.105998
0.83,17,86.112344
0.79,21,86.112344
0.98,2,86.112344
0.91,9,86.134748
0.89,11,86.139747
0.91,9,86.142746
0.96,4,86.144747
0.94,6,86.150745
0.67,33,86.151745
0.98,2,86.152747
0.99,1,86.152747
0.99,1,86.153748
0.99,1,86.154745
0.96,4,86.162169
0.72,28,86.162169
0.9,10,86.162169
0.99,1,86.162169
0.99,1,86.162169
0.0,101,86.182704
0.99,1,86.183704
0.98,2,86.186704
0.86,14,86.193705
0.0,101,86.21614
0.73,27,86.21814
0.23,77,86.226965
0.96,4,86.235747
0.55,45,86.237746
0.98,2,86.237746
0.97,3,86.245063
0.0,101,86.245063
0.66,34,86.247104
0.97,3,86.249105
0.97,3,86.253313
0.95,5,86.254313
0.8,20,86.258149
0.0,101,86.258149
0.94,6,86.270941
0.73,27,86.270941
0.86,14,86.273984
0.53,47,86.280409
0.96,4,86.281409
0.87,13,86.282409
0.83,17,86.28341
0.87,13,86.291612
0.94,6,86.292619
0.99,1,86.297019
0.99,1,86.299018
0.97,3,86.301848
0.97,3,86.308849
0.83,17,86.309847
0.97,3,86.320831
0.81,19,86.321842
0.84,16,86.325841
0.96,4,86.325841
0.97,3,86.325841
0.97,3,86.332519
0.57,43,86.333519
0.96,4,86.333519
0.59,41,86.349108
0.0,101,86.350107
0.62,38,86.357107
0.84,16,86.357107
0.85,15,86.359107
0.96,4,86.361486
0.88,12,86.369034
0.94,6,86.369034
0.09,91,86.370094
0.99,1,86.370094
0.94,6,86.375094
0.78,22,86.375094
0.99,1,86.375094
0.99,1,86.376094
0.99,1,86.377094
0.23,77,86.383416
0.94,6,86.383416
0.98,2,86.385417
0.94,6,86.386415
0.82,18,86.402252
0.88,12,86.403365
0.6,40,86.40437
0.99,1,86.40437
0.69,31,86.411307
0.99,1,86.411695
0.86,14,86.411695
0.98,2,86.41375
0.89,11,86.42075
0.8,20,86.42075
0.94,6,86.42175
0.94,6,86.431308
0.87,13,86.433309
0.97,3,86.436307
0.92,8,86.442307
0.99,1,86.443306
0.9,10,86.443306
0.93,7,86.452161
0.96,4,86.452161
0.98,2,86.454157
0.87,13,86.454157
0.97,3,86.455157
0.96,4,86.462709
0.97,3,86.462709
0.7,30,86.463706
0.94,6,86.464706
0.45,55,86.47771
0.96,4,86.481376
0.78,22,86.481376
0.84,16,86.489381
0.85,15,86.490376
0.83,17,86.494908
0.99,1,86.495949
0.0,101,86.498912
0.98,2,86.504912
0.88,12,86.504912
0.98,2,86.506912
0.67,33,86.519619
0.91,9,86.52162
0.81,19,86.52162
0.15,85,86.528283
0.84,16,86.530329
0.0,101,86.531329
0.95,5,86.537329
0.96,4,86.53833
0.99,1,86.53933
0.97,3,86.550098
0.68,32,86.552096
0.85,15,86.553096
0.97,3,86.555096
0.89,11,86.560097
0.98,2,86.562751
0.77,23,86.562751
0.95,5,86.563774
0.99,1,86.563774
0.99,1,86.568749
0.74,26,86.571749
0.97,3,86.571749
0.77,23,86.578308
0.95,5,86.581363
0.82,18,86.588364
0.86,14,86.600919
0.43,57,86.601918
0.95,5,86.609918
0.75,25,86.611
0.0,101,86.611
0.66,34,86.612827
0.97,3,86.616826
0.98,2,86.616826
0.78,22,86.624826
0.98,2,86.627678
0.66,34,86.628185
0.99,1,86.630233
0.72,28,86.630233
0.99,1,86.634233
0.88,12,86.634233
0.88,12,86.636233
0.87,13,86.636233
0.97,3,86.638233
0.99,1,86.638233
0.91,9,86.645553
0.84,16,86.645553
0.87,13,86.662506
0.81,19,86.662506
0.0,101,86.662506
0.8,20,86.67909
0.96,4,86.67909
0.94,6,86.67909
0.78,22,86.67909
0.99,1,86.67909
0.93,7,86.69579
0.63,37,86.712583
0.89,11,86.712583
0.98,2,86.712583
0.98,2,86.712583
0.54,46,86.712583
0.77,23,86.728663
0.77,23,86.729249
0.85,15,86.745809
0.92,8,86.745809
0.7,30,86.745809
0.38,62,86.779723
0.99,1,86.779723
0.99,1,86.779723
0.99,1,86.779723
0.75,25,86.779723
0.76,24,86.779723
0.98,2,86.779723
0.86,14,86.779723
0.99,1,86.779723
0.89,11,86.779723
0.02,98,86.795941
0.97,3,86.795941
0.8,20,86.795941
0.95,5,86.795941
0.92,8,86.795941
0.69,31,86.795941
0.97,3,86.795941
0.04,96,86.795941
0.98,2,86.812421
0.94,6,86.812421
0.86,14,86.812421
0.99,1,86.812421
0.9,10,86.812421
0.9,10,86.812421
0.95,5,86.812421
0.92,8,86.830651
0.93,7,86.830651
0.91,9,86.832651
0.99,1,86.833651
0.76,24,86.834653
0.99,1,86.839651
0.93,7,86.839651
0.93,7,86.85065
0.91,9,86.85065
0.87,13,86.85165
0.74,26,86.857649
0.99,1,86.858648
0.94,6,86.861044
0.68,32,86.861915
0.99,1,86.861915
0.97,3,86.861915
0.92,8,86.861915
0.95,5,86.883627
0.0,101,86.891625
0.68,32,86.894625
0.78,22,86.896623
0.52,48,86.901623
0.94,6,86.902623
0.91,9,86.919673
0.6,40,86.919673
0.68,32,86.919673
0.71,29,86.929366
0.86,14,86.929366
0.94,6,86.931331
0.8,20,86.93233
0.82,18,86.93233
0.99,1,86.93233
0.96,4,86.93433
0.9,10,86.93833
0.69,31,86.94033
0.97,3,86.94033
0.99,1,86.94133
0.97,3,86.946916
0.84,16,86.947916
0.85,15,86.958913
0.99,1,86.959913
0.52,48,86.968684
0.95,5,86.969685
0.95,5,86.978181
0.8,20,86.983235
0.72,28,86.983235
0.99,1,86.984235
0.74,26,86.984235
0.97,3,86.988235
0.05,95,86.992235
0.9,10,87.005918
0.69,31,87.006918
0.93,7,87.017677
0.56,44,87.025643
0.81,19,87.026642
0.87,13,87.03219
0.78,22,87.03419
0.97,3,87.03519
0.98,2,87.04019
0.62,38,87.04019
0.98,2,87.04219
0.95,5,87.05294
0.29,71,87.061513
0.55,45,87.068569
0.71,29,87.07057
0.92,8,87.07257
0.8,20,87.077711
0.95,5,87.077711
0.46,54,87.080263
0.94,6,87.081262
0.83,17,87.082263
0.93,7,87.089261
0.93,7,87.09326
0.66,34,87.099838
0.58,42,87.112767
0.54,46,87.11773
0.84,16,87.123731
0.98,2,87.125731
0.87,13,87.125731
0.0,101,87.127733
0.92,8,87.127733
0.96,4,87.13437
0.95,5,87.136371
0.78,22,87.136371
0.73,27,87.142387
0.8,20,87.143335
0.98,2,87.144828
0.67,33,87.145372
0.93,7,87.145372
0.89,11,87.146378
0.99,1,87.151378
0.95,5,87.152378
0.9,10,87.154379
0.78,22,87.164594
0.88,12,87.164594
0.94,6,87.164594
0.99,1,87.168595
0.83,17,87.168595
0.98,2,87.170594
0.91,9,87.186238
0.77,23,87.186238
0.98,2,87.188238
0.4,60,87.193238
0.99,1,87.194302
0.7,30,87.196006
0.92,8,87.203004
0.99,1,87.204004
0.76,24,87.206003
0.74,26,87.210004
0.96,4,87.211489
0.85,15,87.211489
0.71,29,87.213531
0.9,10,87.213531
0.61,39,87.214533
0.96,4,87.218532
0.6,40,87.219532
0.95,5,87.221531
0.95,5,87.231145
0.96,4,87.233146
0.75,25,87.241146
0.93,7,87.246211
0.86,14,87.246211
0.79,21,87.250209
0.99,1,87.252209
0.78,22,87.254209
0.88,12,87.254209
0.95,5,87.255208
0.77,23,87.260209
0.97,3,87.261625
0.98,2,87.263665
0.93,7,87.267665
0.87,13,87.277693
0.63,37,87.278412
0.89,11,87.278412
0.92,8,87.279494
0.97,3,87.285496
0.04,96,87.289494
0.75,25,87.289494
0.82,18,87.296915
0.95,5,87.29892
0.89,11,87.304915
0.85,15,87.306913
0.64,36,87.306913
0.97,3,87.308913
0.95,5,87.31687
0.92,8,87.33251
0.99,1,87.33351
0.81,19,87.33551
0.34,66,87.34497
0.95,5,87.345974
0.97,3,87.348973
0.96,4,87.355972
0.88,12,87.361712
0.53,47,87.365752
0.98,2,87.370752
0.62,38,87.380497
0.47,53,87.388498
0.82,18,87.389497
0.98,2,87.390497
0.98,2,87.39485
0.89,11,87.412594
0.74,26,87.413592
0.18,82,87.424593
0.0,100,87.43262
0.72,28,87.444317
0.99,1,87.448901
0.94,6,87.4579
0.35,65,87.463677
0.98,2,87.463677
0.98,2,87.465677
0.8,20,87.465677
0.97,3,87.471677
0.97,3,87.471677
0.68,32,87.474677
0.95,5,87.480249
0.0,101,87.483248
0.86,14,87.488248
0.97,3,87.490248
0.0,101,87.491249
0.96,4,87.498814
0.89,11,87.498814
0.99,1,87.499815
0.63,37,87.499815
0.32,68,87.504815
0.96,4,87.506814
0.97,3,87.508816
0.94,6,87.509815
0.12,88,87.514712
0.78,22,87.515711
0.86,14,87.515711
0.97,3,87.516711
0.96,4,87.518711
0.9,10,87.524711
0.97,3,87.525711
0.99,1,87.527655
0.93,7,87.536231
0.97,3,87.543232
0.98,2,87.544961
0.99,1,87.546014
0.81,19,87.551013
0.85,15,87.555013
0.75,25,87.555013
0.99,1,87.556013
0.93,7,87.56783
0.17,83,87.570829
0.88,12,87.5777
0.92,8,87.5777
0.95,5,87.580809
0.37,63,87.588808
0.84,16,87.59281
0.87,13,87.597004
0.48,52,87.613668
0.84,16,87.618669
0.56,44,87.647016
0.13,87,87.648016
0.99,1,87.648016
0.8,20,87.650015
0.87,13,87.672698
0.83,17,87.687403
0.38,62,87.691403
0.4,60,87.692403
0.61,39,87.692403
0.0,101,87.692403
0.99,1,87.697104
0.99,1,87.697104
0.89,11,87.698104
0.99,1,87.700104
0.98,2,87.700104
0.42,58,87.701104
0.99,1,87.701104
0.96,4,87.702105
0.71,29,87.707104
0.0,101,87.709104
0.94,6,87.709104
0.94,6,87.715031
0.93,7,87.715031
0.91,9,87.717031
0.85,15,87.718031
0.36,64,87.718031
0.99,1,87.718031
0.79,21,87.725029
0.9,10,87.727029
0.9,10,87.727029
0.8,20,87.728191
0.84,16,87.734238
0.93,7,87.735238
0.9,10,87.735238
0.9,10,87.735238
0.99,1,87.736238
0.93,7,87.740238
0.95,5,87.743238
0.84,16,87.74481
0.81,19,87.74481
0.81,19,87.74481
0.97,3,87.75085
0.91,9,87.75085
0.93,7,87.75785
0.91,9,87.75885
0.81,19,87.759849
0.99,1,87.761623
0.97,3,87.761623
0.79,21,87.761623
0.99,1,87.765664
0.99,1,87.766664
0.96,4,87.768664
0.98,2,87.773664
0.94,6,87.776664
0.98,2,87.776664
0.91,9,87.777627
0.98,2,87.782267
0.82,18,87.783267
0.86,14,87.784267
0.71,29,87.786266
0.78,22,87.787267
0.87,13,87.803965
0.59,41,87.813663
0.86,14,87.816662
0.97,3,87.817663
0.52,48,87.823663
0.8,20,87.823663
0.8,20,87.824663
0.99,1,87.825663
0.95,5,87.827648
0.96,4,87.829093
0.76,24,87.835091
0.73,27,87.835091
0.94,6,87.837091
0.67,33,87.842091
0.91,9,87.843091
0.92,8,87.849925
0.91,9,87.852924
0.86,14,87.852924
0.81,19,87.853925
0.39,61,87.858925
0.99,1,87.858925
0.88,12,87.861526
0.84,16,87.861526
0.91,9,87.862536
0.64,36,87.868536
0.99,1,87.869536
0.91,9,87.869536
0.95,5,87.871536
0.87,13,87.878194
0.93,7,87.879251
0.86,14,87.879251
0.73,27,87.886251
0.84,16,87.896068
0.78,22,87.902068
0.89,11,87.902068
0.96,4,87.904068
0.7,30,87.905068
0.76,24,87.918635
0.92,8,87.918635
0.99,1,87.919635
0.98,2,87.924635
0.89,11,87.925635
0.98,2,87.927705
0.75,25,87.928417
0.95,5,87.933423
0.87,13,87.933423
0.94,6,87.937423
0.95,5,87.942421
0.8,20,87.945361
0.89,11,87.959367
0.56,44,87.961571
0.19,81,87.968198
0.95,5,87.971197
0.86,14,87.971197
0.97,3,87.972196
0.76,24,87.972196
0.71,29,87.972196
0.99,1,87.973197
0.98,2,87.978246
0.99,1,87.979297
0.5,50,87.980296
0.97,3,87.980296
0.93,7,87.986295
0.92,8,87.997954
0.85,15,88.004955
0.78,22,88.007961
0.78,22,88.007961
0.83,17,88.007961
0.96,4,88.017533
0.99,1,88.018534
0.56,44,88.021533
0.13,87,88.026533
0.99,1,88.027655
0.49,51,88.027655
0.86,14,88.02926
0.75,25,88.02926
0.93,7,88.03026
0.99,1,88.031263
0.96,4,88.03626
0.88,12,88.037264
0.97,3,88.040261
0.83,17,88.045856
0.86,14,88.048856
0.86,14,88.057856
0.92,8,88.063605
0.78,22,88.066605
0.68,32,88.084208
0.99,1,88.089207
0.8,20,88.094696
0.8,20,88.103236
0.98,2,88.108237
0.72,28,88.111619
0.96,4,88.115666
0.97,3,88.117664
0.57,43,88.119663
0.49,51,88.124664
0.79,21,88.125665
0.36,64,88.132329
0.95,5,88.134329
0.91,9,88.134329
0.76,24,88.143329
0.92,8,88.143329
0.0,101,88.150994
0.96,4,88.152994
0.97,3,88.154994
0.94,6,88.154994
0.84,16,88.163684
0.92,8,88.169684
0.32,68,88.169684
0.99,1,88.170684
0.81,19,88.171684
0.95,5,88.172684
0.8,20,88.172684
0.87,13,88.178713
0.99,1,88.180717
0.68,32,88.181717
0.93,7,88.186718
0.8,20,88.189716
0.96,4,88.190716
0.97,3,88.190716
0.86,14,88.19996
0.87,13,88.20696
0.81,19,88.20696
0.99,1,88.20796
0.9,10,88.20896
0.0,101,88.215546
0.74,26,88.222547
0.73,27,88.222547
0.82,18,88.223547
0.98,2,88.224546
0.98,2,88.226547
0.83,17,88.231163
0.46,54,88.231163
0.91,9,88.232163
0.82,18,88.239163
0.94,6,88.240163
0.91,9,88.251919
0.95,5,88.251919
0.88,12,88.252918
0.99,1,88.252918
0.92,8,88.264886
0.97,3,88.272885
0.92,8,88.291239
0.94,6,88.301857
0.57,43,88.304857
0.62,38,88.304857
0.37,63,88.311584
0.97,3,88.314584
0.62,38,88.316586
0.98,2,88.321584
0.9,10,88.321584
0.41,59,88.322584
0.98,2,88.323584
0.97,3,88.324585
0.94,6,88.33327
0.96,4,88.33327
0.85,15,88.343271
0.8,20,88.343271
0.94,6,88.344341
0.98,2,88.350941
0.49,51,88.351941
0.93,7,88.363564
0.96,4,88.363564
0.92,8,88.365567
0.99,1,88.365567
0.98,2,88.367566
0.84,16,88.369565
0.99,1,88.373565
0.96,4,88.373565
0.98,2,88.375566
0.37,63,88.376565
0.91,9,88.384332
0.93,7,88.386333
0.97,3,88.394395
0.89,11,88.39823
0.91,9,88.405228
0.99,1,88.407228
0.0,101,88.40817
0.75,25,88.40817
0.06,94,88.413309
0.9,10,88.413309
0.95,5,88.413309
0.54,46,88.413309
0.91,9,88.429635
0.76,24,88.430635
0.4,60,88.431635
0.95,5,88.438634
0.64,36,88.439634
0.95,5,88.447634
0.88,12,88.454634
0.82,18,88.454634
0.71,29,88.462665
0.98,2,88.465663
0.72,28,88.478302
0.81,19,88.485357
0.75,25,88.487357
0.98,2,88.489357
0.67,33,88.493373
0.59,41,88.494907
0.98,2,88.494907
0.9,10,88.501917
0.94,6,88.503917
0.79,21,88.504917
0.91,9,88.505917
0.97,3,88.509917
0.94,6,88.511529
0.68,32,88.51254
0.8,20,88.51254
0.99,1,88.51354
0.99,1,88.51354
0.66,34,88.51454
0.99,1,88.51854
0.37,63,88.520539
0.91,9,88.521539
0.99,1,88.521539
0.96,4,88.521539
0.93,7,88.527623
0.83,17,88.537157
0.94,6,88.537157
0.99,1,88.538157
0.84,16,88.547842
0.94,6,88.547842
0.67,33,88.548842
0.98,2,88.552841
0.97,3,88.554842
0.98,2,88.554842
0.79,21,88.556841
0.98,2,88.556841
0.78,22,88.557841
0.75,25,88.562458
0.99,1,88.563457
0.95,5,88.563457
0.99,1,88.564457
0.97,3,88.564457
0.95,5,88.565457
0.98,2,88.565457
0.99,1,88.566457
0.0,101,88.605007
0.78,22,88.609006
0.61,39,88.614457
0.73,27,88.614457
0.99,1,88.615457
0.92,8,88.619457
0.4,60,88.624457
0.93,7,88.625456
0.91,9,88.636088
0.9,10,88.641088
0.61,39,88.642088
0.61,39,88.643088
0.99,1,88.643088
0.98,2,88.645808
0.57,43,88.653811
0.92,8,88.654809
0.98,2,88.655773
0.8,20,88.66263
0.86,14,88.663628
0.95,5,88.665628
0.94,6,88.672628
0.91,9,88.672628
0.94,6,88.679165
0.97,3,88.679165
0.06,94,88.688163
0.94,6,88.689163
0.28,72,88.690163
0.91,9,88.692163
0.99,1,88.701862
0.81,19,88.711834
0.67,33,88.712842
0.71,29,88.72084
0.87,13,88.72284
0.81,19,88.72384
0.98,2,88.72971
0.99,1,88.730709
0.84,16,88.740715
0.29,71,88.748324
0.98,2,88.750324
0.83,17,88.771541
0.77,23,88.771541
0.99,1,88.772541
0.14,86,88.772541
0.28,72,88.776541
0.96,4,88.781267
0.93,7,88.784266
0.97,3,88.790266
0.6,40,88.790266
0.88,12,88.791266
0.89,11,88.797852
0.96,4,88.798852
0.93,7,88.800852
0.97,3,88.806854
0.94,6,88.807852
0.99,1,88.807852
0.99,1,88.808852
0.99,1,88.809852
0.47,53,88.820899
0.99,1,88.821899
0.96,4,88.822899
0.99,1,88.822899
0.99,1,88.823899
0.92,8,88.829487
0.96,4,88.831486
0.3,70,88.838486
0.19,81,88.839486
0.99,1,88.839486
0.73,27,88.841486
0.74,26,88.846946
0.87,13,88.848946
0.61,39,88.850946
0.93,7,88.850946
0.93,7,88.854945
0.99,1,88.855945
0.98,2,88.857945
0.99,1,88.858946
0.95,5,88.858946
0.99,1,88.863615
0.99,1,88.864615
0.85,15,88.865616
0.76,24,88.866615
0.91,9,88.866615
0.87,13,88.867615
0.99,1,88.867615
0.0,101,88.875615
0.73,27,88.876615
0.92,8,88.881218
0.94,6,88.881218
0.99,1,88.882219
0.99,1,88.883219
0.26,74,88.884218
0.97,3,88.890218
0.87,13,88.891219
0.91,9,88.893219
0.88,12,88.898881
0.98,2,88.898881
0.87,13,88.898881
0.76,24,88.900881
0.93,7,88.901881
0.75,25,88.906881
0.99,1,88.90888
0.85,15,88.923558
0.91,9,88.92456
0.76,24,88.92456
0.98,2,88.931182
0.98,2,88.931182
0.96,4,88.939179
0.7,30,88.945047
0.43,57,88.945047
0.72,28,88.945047
0.9,10,88.945047
0.99,1,88.945047
0.83,17,88.945047
0.99,1,88.945047
0.64,36,88.967981
0.64,36,88.967981
0.96,4,88.967981
0.94,6,88.967981
0.99,1,88.969175
0.99,1,88.969175
0.65,35,88.971175
0.96,4,88.978175
0.96,4,88.979174
0.99,1,88.980174
0.94,6,88.980174
0.83,17,88.980174
0.99,1,88.982173
0.98,2,88.982173
0.99,1,88.982173
0.86,14,88.982173
0.98,2,88.987173
0.91,9,88.988173
0.71,29,88.990173
0.97,3,88.990173
0.91,9,88.991173
0.86,14,88.991173
0.95,5,88.993173
0.96,4,88.997849
0.96,4,88.998848
0.9,10,89.000848
0.95,5,89.007848
0.87,13,89.007848
0.89,11,89.008848
0.99,1,89.008848
0.98,2,89.009847
0.99,1,89.009847
0.99,1,89.01547
0.99,1,89.016471
0.88,12,89.019448
0.2,80,89.019448
0.98,2,89.019448
0.83,17,89.026444
0.94,6,89.026444
0.92,8,89.028105
0.97,3,89.028105
0.98,2,89.02919
0.82,18,89.02919
0.95,5,89.030193
0.77,23,89.03219
0.95,5,89.03919
0.93,7,89.042156
0.94,6,89.042156
0.93,7,89.052984
0.89,11,89.053984
0.98,2,89.05682
0.91,9,89.05682
0.94,6,89.05783
0.98,2,89.062786
0.92,8,89.0635
0.71,29,89.065511
0.96,4,89.067511
0.94,6,89.067511
0.97,3,89.074294
0.77,23,89.078889
0.89,11,89.078889
0.87,13,89.078889
0.96,4,89.078889
0.82,18,89.078889
0.89,11,89.098672
0.96,4,89.106672
0.93,7,89.107672
0.98,2,89.108672
0.99,1,89.108672
0.79,21,89.109671
0.32,68,89.112349
0.56,44,89.112349
0.99,1,89.112349
0.63,37,89.112349
0.9,10,89.112349
0.57,43,89.127594
0.97,3,89.128597
0.95,5,89.136597
0.79,21,89.144593
0.99,1,89.146597
0.68,32,89.146597
0.81,19,89.152597
0.84,16,89.153597
0.65,35,89.153597
0.96,4,89.153597
0.98,2,89.154597
0.94,6,89.16463
0.99,1,89.16463
0.27,73,89.166631
0.86,14,89.168172
0.95,5,89.17399
0.96,4,89.175997
0.68,32,89.186724
0.87,13,89.186724
0.88,12,89.197766
0.79,21,89.197766
0.77,23,89.204556
0.5,50,89.206556
0.98,2,89.206556
0.9,10,89.206556
0.99,1,89.208556
0.94,6,89.213599
0.92,8,89.216546
0.96,4,89.216546
0.95,5,89.224373
0.66,34,89.23341
0.99,1,89.23441
0.91,9,89.23441
0.77,23,89.23441
0.99,1,89.23541
0.98,2,89.236411
0.97,3,89.23718
0.99,1,89.23718
0.84,16,89.238235
0.85,15,89.238235
0.96,4,89.243235
0.97,3,89.24457
0.85,15,89.24457
0.98,2,89.245995
0.99,1,89.251141
0.96,4,89.252144
0.89,11,89.259005
0.98,2,89.261752
0.72,28,89.27845
0.99,1,89.280023
0.85,15,89.284022
0.96,4,89.287746
0.97,3,89.287746
0.99,1,89.288746
0.74,26,89.293383
0.74,26,89.296067
0.73,27,89.306239
0.89,11,89.307247
0.63,37,89.314529
0.96,4,89.315526
0.88,12,89.318525
0.0,101,89.329489
0.98,2,89.337159
0.78,22,89.337159
0.88,12,89.340166
0.57,43,89.355925
0.91,9,89.355925
0.98,2,89.357923
0.0,101,89.359921
0.94,6,89.366089
0.98,2,89.369055
0.62,38,89.369055
0.91,9,89.380424
0.0,101,89.380424
0.89,11,89.388417
0.76,24,89.388417
0.91,9,89.390552
0.98,2,89.390552
0.62,38,89.390552
0.98,2,89.392587
0.95,5,89.399471
0.85,15,89.406475
0.88,12,89.407475
0.53,47,89.410436
0.99,1,89.41486
0.88,12,89.415862
0.8,20,89.415862
0.94,6,89.41686
0.99,1,89.41686
0.99,1,89.41686
0.98,2,89.41886
0.96,4,89.424765
0.8,20,89.425803
0.47,53,89.425803
0.96,4,89.433409
0.92,8,89.436405
0.99,1,89.440796
0.94,6,89.442796
0.97,3,89.444701
0.87,13,89.450219
0.56,44,89.452183
0.93,7,89.458181
0.96,4,89.45918
0.35,65,89.462245
0.74,26,89.462245
0.96,4,89.467744
0.89,11,89.468743
0.99,1,89.469743
0.97,3,89.470743
0.83,17,89.471744
0.99,1,89.476743
0.57,43,89.476743
0.98,2,89.478462
0.92,8,89.497191
0.96,4,89.497191
0.98,2,89.499191
0.84,16,89.500191
0.91,9,89.500191
0.99,1,89.505191
0.99,1,89.505191
0.82,18,89.506191
0.98,2,89.509191
0.96,4,89.510191
0.51,49,89.518191
0.47,53,89.518191
0.95,5,89.519191
0.7,30,89.524191
0.99,1,89.525191
0.72,28,89.534883
0.83,17,89.557228
0.74,26,89.560269
0.79,21,89.560269
0.67,33,89.560269
0.98,2,89.566218
0.75,25,89.568216
0.96,4,89.568216
0.62,38,89.577857
0.9,10,89.592892
0.98,2,89.601024
0.9,10,89.605024
0.96,4,89.606624
0.98,2,89.6128
0.58,42,89.614745
0.0,101,89.615745
0.95,5,89.615745
0.98,2,89.6215
0.99,1,89.622502
0.71,29,89.624503
0.93,7,89.630515
0.67,33,89.63522
0.66,34,89.641219
0.48,52,89.641219
0.82,18,89.643218
0.98,2,89.643218
0.86,14,89.648211
0.99,1,89.648211
0.96,4,89.651208
0.53,47,89.651208
0.96,4,89.652206
0.84,16,89.652206
0.24,76,89.652206
0.99,1,89.652206
0.99,1,89.656208
0.74,26,89.660988
0.91,9,89.660988
0.95,5,89.660988
0.96,4,89.660988
0.94,6,89.665659
0.8,20,89.665659
0.91,9,89.667658
0.94,6,89.674659
0.92,8,89.675658
0.76,24,89.676658
0.85,15,89.678113
0.86,14,89.685664
0.93,7,89.686664
0.72,28,89.690664
0.97,3,89.691665
0.98,2,89.692664
0.92,8,89.692664
0.91,9,89.692664
0.82,18,89.698885
0.98,2,89.699888
0.85,15,89.705887
0.95,5,89.707886
0.94,6,89.707886
0.95,5,89.708887
0.93,7,89.716738
0.94,6,89.722738
0.91,9,89.724738
0.99,1,89.725739
0.79,21,89.731274
0.62,38,89.740274
0.76,24,89.741274
0.87,13,89.741274
0.88,12,89.742275
0.53,47,89.749871
0.88,12,89.750873
0.99,1,89.751871
0.93,7,89.753871
0.99,1,89.753871
0.99,1,89.757872
0.94,6,89.766962
0.57,43,89.77142
0.8,20,89.776418
0.99,1,89.777693
0.7,30,89.778868
0.93,7,89.79577
0.97,3,89.79577
0.64,36,89.812228
0.95,5,89.812228
0.2,80,89.812228
0.99,1,89.812228
0.94,6,89.812228
0.95,5,89.828705
0.57,43,89.828705
0.76,24,89.829238
0.59,41,89.829238
0.96,4,89.829238
0.9,10,89.829238
0.6,40,89.829238
0.96,4,89.845683
0.96,4,89.862505
0.83,17,89.862505
0.55,45,89.862505
0.99,1,89.862505
0.8,20,89.879076
0.17,83,89.879076
0.99,1,89.879076
0.79,21,89.879076
0.86,14,89.895824
0.97,3,89.895824
0.99,1,89.895824
0.87,13,89.91232
0.34,66,89.91232
0.61,39,89.91232
0.88,12,89.91232
0.91,9,89.929347
0.91,9,89.929347
0.95,5,89.948328
0.9,10,89.949328
0.98,2,89.950328
0.93,7,89.96433
0.36,64,89.967328
0.91,9,89.967328
0.99,1,89.968328
0.99,1,89.972326
0.51,49,89.982034
0.44,56,89.982034
0.98,2,89.984034
0.96,4,89.990034
0.87,13,89.991034
0.38,62,89.993034
0.83,17,90.001298
0.99,1,90.002297
0.36,64,90.003297
0.99,1,90.009632
0.53,47,90.015098
0.86,14,90.015098
0.93,7,90.021098
0.12,88,90.021098
0.98,2,90.024098
0.94,6,90.029133
0.96,4,90.029133
0.77,23,90.029133
0.92,8,90.029133
0.95,5,90.046889
0.96,4,90.047889
0.96,4,90.056889
0.53,47,90.058888
0.77,23,90.059889
0.99,1,90.061617
0.85,15,90.066662
0.88,12,90.069662
0.94,6,90.074662
0.74,26,90.074662
0.98,2,90.076663
0.96,4,90.076663
0.9,10,90.076663
0.31,69,90.077999
0.58,42,90.083035
0.96,4,90.085034
0.99,1,90.086035
0.94,6,90.087034
0.99,1,90.087034
0.99,1,90.088035
0.8,20,90.101758
0.88,12,90.101758
0.88,12,90.113562
0.82,18,90.123562
0.76,24,90.123562
0.99,1,90.124563
0.98,2,90.125563
0.51,49,90.131321
0.96,4,90.13332
0.9,10,90.13332
0.59,41,90.13432
0.99,1,90.13532
0.71,29,90.136321
0.99,1,90.136321
0.98,2,90.14132
0.72,28,90.155924
0.92,8,90.156924
0.98,2,90.161616
0.86,14,90.161616
0.99,1,90.162669
0.82,18,90.165668
0.66,34,90.165668
